State Name,Constituency Name,Candidates Name,Party Name,Party Type,Votes Secured,% Of Votes Secured - Over Total Electors In Constituency,% Of Votes Secured - Over Total Valid Votes In Constituency,Status,Total Valid Votes,Total Electors In Constituency
Andhra Pradesh,Araku (ST),Avashya Lahari . Varam,BSP,N,25750,1.65,2.31,FD,1113975,1557153
Andhra Pradesh,Araku (ST),Kothapalli Geetha,BJP,N,426425,27.38,38.28,L,1113975,1557153
Andhra Pradesh,Araku (ST),Gumma Thanuja Rani,YSRCP,S,477005,30.63,42.82,W,1113975,1557153
Andhra Pradesh,Araku (ST),Athidhi,IND,Z,8136,0.52,0.73,FD,1113975,1557153
Andhra Pradesh,Srikakulam (GEN),Borubadra Chandrakala,BCYP,U,1357,0.08,0.11,FD,1211081,1646686
Andhra Pradesh,Visakhapatnam (GEN),Jhansi Lakshmi. Botcha.,YSRCP,S,403220,20.88,29.18,L,1381812,1931398
Andhra Pradesh,Visakhapatnam (GEN),Jaladi Vijaya Kumari,SP,S,466,0.02,0.03,FD,1381812,1931398
Andhra Pradesh,Visakhapatnam (GEN),P. Satya Vani,PPOI,U,882,0.05,0.06,FD,1381812,1931398
Andhra Pradesh,Visakhapatnam (GEN),Aruna Sri Murala,IND,Z,1993,0.1,0.14,FD,1381812,1931398
Andhra Pradesh,Visakhapatnam (GEN),Malla Sravani,IND,Z,273,0.01,0.02,FD,1381812,1931398
Andhra Pradesh,Anakapalle (GEN),Vijaya Lakshmi Karri,PPOI,U,1591,0.1,0.12,FD,1299097,1601365
Andhra Pradesh,Kakinada (GEN),Dr Anusha Yadav,BCYP,U,9854,0.6,0.75,FD,1312583,1634921
Andhra Pradesh,Rajahmundry (GEN),Daggubati Purandheshwari,BJP,N,726515,44.74,55.85,W,1300862,1623852
Andhra Pradesh,Rajahmundry (GEN),Jalli Bala Naveena,IND,Z,1254,0.08,0.1,FD,1300862,1623852
Andhra Pradesh,Narsapuram (GEN),Umabala Guduri,YSRCP,S,430636,29.22,35.19,L,1223597,1473811
Andhra Pradesh,Narsapuram (GEN),Ganji Purnima,RPI(A),U,1649,0.11,0.13,FD,1223597,1473811
Andhra Pradesh,Narsapuram (GEN),Rukhmini,IND,Z,686,0.05,0.06,FD,1223597,1473811
Andhra Pradesh,Eluru (GEN),Kavuri Lavanya,INC,N,20826,1.27,1.53,FD,1359534,1638116
Andhra Pradesh,Machilipatnam (GEN),Devamani Devarapalli,BSP,N,10028,0.65,0.77,FD,1299878,1540045
Andhra Pradesh,Machilipatnam (GEN),Anusha Yeruva,IND,Z,1235,0.08,0.1,FD,1299878,1540045
Andhra Pradesh,Machilipatnam (GEN),P. Balasowramma,IND,Z,1582,0.1,0.12,FD,1299878,1540045
Andhra Pradesh,Vijayawada (GEN),Gujjula Lalitha,SUCI,U,327,0.02,0.02,FD,1355212,1704469
Andhra Pradesh,Vijayawada (GEN),Chinthalacheruvu Hemalatha,JMBP,U,244,0.01,0.02,FD,1355212,1704469
Andhra Pradesh,Vijayawada (GEN),Datla Lurthu Meri,JRBP,U,417,0.02,0.03,FD,1355212,1704469
Andhra Pradesh,Vijayawada (GEN),Syed Khamurunnisa,NRCP,U,601,0.04,0.04,FD,1355212,1704469
Andhra Pradesh,Guntur (GEN),Gayatri Audhipudi,IND,Z,357,0.02,0.03,FD,1417984,1793324
Andhra Pradesh,Guntur (GEN),Siva Parvathi,IND,Z,266,0.01,0.02,FD,1417984,1793324
Andhra Pradesh,Bapatla (SC),Gadde. Vijaya Lakshmi,IND,Z,1051,0.07,0.08,FD,1287022,1511177
Andhra Pradesh,Ongole (GEN),Orsu Veena,JBNP,U,2267,0.14,0.16,FD,1409009,1614525
Andhra Pradesh,Nandyal (GEN),Dr Byreddy Shabari,TDP,S,701131,40.66,50.31,W,1393721,1724191
Andhra Pradesh,Nandyal (GEN),Gogula Sugunamma,JMBP,U,379,0.02,0.03,FD,1393721,1724191
Andhra Pradesh,Nandyal (GEN),Chandini Reddy Vakati,LBCP,U,556,0.03,0.04,FD,1393721,1724191
Andhra Pradesh,Ananthapur (GEN),P.Chowdeswari,IND,Z,1518,0.09,0.11,FD,1431229,1769264
Andhra Pradesh,Hindupur (GEN),Bhagya R S,BSP,N,8015,0.48,0.57,FD,1398368,1658529
Andhra Pradesh,Hindupur (GEN),J Shantha,YSRCP,S,593107,35.76,42.41,L,1398368,1658529
Andhra Pradesh,Kadapa (GEN),Y.S. Sharmila Reddy,INC,N,141039,8.59,10.81,FD,1305129,1641349
Andhra Pradesh,Thirupathi (SC),M Umadevi,JAC,U,5425,0.31,0.4,FD,1366452,1730318
Andhra Pradesh,Thirupathi (SC),Veluru. Thejovathi,SP,S,1389,0.08,0.1,FD,1366452,1730318
Arunachal Pradesh,Arunachal West (GEN),Toko Sheetal,GNASURKP,U,30530,5.87,7.68,FD,397508,520085
Assam,Kokrajhar (ST),Binita Deka,GNASURKP,U,94189,6.3,7.67,FD,1227584,1494404
Assam,Kokrajhar (ST),Triptina Rabha,IND,Z,4540,0.3,0.37,FD,1227584,1494404
Assam,Dhubri (GEN),Radharani Biswas,HSP,U,6287,0.24,0.26,FD,2438593,2663987
Assam,Barpeta (GEN),Chitralekha Das,SUCI,U,3131,0.16,0.19,FD,1668826,1979051
Assam,Darrang-Udalguri (GEN),Swarna Devi,GNASURKP,U,11112,0.5,0.62,FD,1787996,2214516
Assam,Guwahati (GEN),Bijuli Kalita Medhi,BJP,N,894887,43.87,56.67,W,1579140,2039765
Assam,Guwahati (GEN),Mira Borthakur Goswami,INC,N,643797,31.56,40.77,L,1579140,2039765
Assam,Nagaon (GEN),Sikha Sarma,IND,Z,6620,0.36,0.43,FD,1538003,1821023
Assam,Kaziranga (GEN),Roselina Tirkey,INC,N,648096,31.56,40.37,L,1605506,2053805
Assam,Kaziranga (GEN),Anima Deka Gupta,VPI,U,8673,0.42,0.54,FD,1605506,2053805
Assam,Kaziranga (GEN),Diluwara Begum Chowdhury,IND,Z,11743,0.57,0.73,FD,1605506,2053805
Assam,Sonitpur (GEN),Rinku Roy,GNASURKP,U,6823,0.42,0.54,FD,1269720,1638992
Bihar,Purvi Champaran (GEN),Gyanti Devi,PRCP,U,7008,0.39,0.66,FD,1053900,1793440
Bihar,Sheohar (GEN),Ritu Jaiswal,RJD,S,447469,24.39,43.64,L,1025434,1834437
Bihar,Sheohar (GEN),Lovely Anand,JD(U),S,476612,25.98,46.48,W,1025434,1834437
Bihar,Sheohar (GEN),Mamta Kumari,SAP,U,5435,0.3,0.53,FD,1025434,1834437
Bihar,Sitamarhi (GEN),Saiqua Nawaz Azmat,IND,Z,28912,1.48,2.72,FD,1061859,1950028
Bihar,Supaul (GEN),Kiran Devi,BSP,N,18079,0.94,1.49,FD,1212502,1928887
Bihar,Katihar (GEN),Bindu Kumari,SMJSKTP,U,5884,0.32,0.51,FD,1148607,1834512
Bihar,Purnia (GEN),Bima Bharti,RJD,S,27120,1.43,2.31,FD,1172010,1895036
Bihar,Muzaffarpur (GEN),Sabina Khatoon,INL,U,2453,0.13,0.22,FD,1104872,1869072
Bihar,Muzaffarpur (GEN),Sunita Kumari,BJKVP,U,4792,0.26,0.43,FD,1104872,1869072
Bihar,Muzaffarpur (GEN),Nilima Kumari,IND,Z,7310,0.39,0.66,FD,1104872,1869072
Bihar,Vaishali (GEN),Veena Devi,LJPRV,S,567043,30.29,49.54,W,1144600,1871877
Bihar,Vaishali (GEN),Abha Ray,PPID,U,3274,0.17,0.29,FD,1144600,1871877
Bihar,Siwan (GEN),Vijaylakshmi Devi,JD(U),S,386508,20.32,39.8,W,971054,1901956
Bihar,Siwan (GEN),Hena Shahab,IND,Z,293651,15.44,30.24,L,971054,1901956
Bihar,Saran (GEN),Rohini Acharya,RJD,S,458091,25.44,45.35,L,1010091,1800790
Bihar,Saran (GEN),Arti Kumari,IND,Z,3023,0.17,0.3,FD,1010091,1800790
Bihar,Ujiarpur (GEN),Nikki Jha,JRJP,U,1020,0.06,0.1,FD,1018799,1748377
Bihar,Samastipur (SC),Shambhavi,LJPRV,S,579786,31.86,54.6,W,1061924,1820016
Bihar,Samastipur (SC),Amrita Kumari,IND,Z,2852,0.16,0.27,FD,1061924,1820016
Bihar,Khagaria (GEN),Kanchan Mala,HNDPPD,U,1506,0.08,0.15,FD,1030783,1843767
Bihar,Khagaria (GEN),Rupam Devi,IND,Z,27395,1.49,2.66,FD,1030783,1843767
Bihar,Bhagalpur (GEN),Poonam Singh,BSP,N,12646,0.64,1.23,FD,1032278,1988207
Bihar,Munger (GEN),Kumari Anita,RJD,S,469276,22.87,42.01,L,1117130,2051829
Bihar,Nalanda (GEN),Nisha Ranjan,SAP,U,2415,0.11,0.21,FD,1125166,2293994
Bihar,Nalanda (GEN),Puja Devi,IND,Z,1505,0.07,0.13,FD,1125166,2293994
Bihar,Nalanda (GEN),Sanyukta Kumari,IND,Z,6238,0.27,0.55,FD,1125166,2293994
Bihar,Patliputra (GEN),Misha Bharti,RJD,S,613283,29.48,50.08,W,1224493,2080613
Bihar,Patliputra (GEN),Khushboo Kumari,AKBRPRVP,U,1483,0.07,0.12,FD,1224493,2080613
Bihar,Patliputra (GEN),Madhuri Kumari,AIFB,S,1302,0.06,0.11,FD,1224493,2080613
Bihar,Patliputra (GEN),Vindu Devi,RJBP,U,10744,0.52,0.88,FD,1224493,2080613
Bihar,Arrah (GEN),Sumitra Devi,JRJP,U,1674,0.08,0.16,FD,1079598,2183625
Bihar,Buxar (GEN),Hem Lata,JRJP,U,1570,0.08,0.15,FD,1064142,1934352
Bihar,Sasaram (SC),Punam Devi,JNTRAAWJP,U,2654,0.14,0.25,FD,1079856,1914914
Bihar,Karakat (GEN),Priyanka Prasad Choudhary,AIMIM,S,11006,0.58,1.09,FD,1010023,1888005
Bihar,Jahanabad (GEN),Minta Devi,IND,Z,16123,0.96,1.76,FD,914315,1678716
Bihar,Aurangabad (GEN),Pratibha Rani,PPID,U,12308,0.66,1.33,FD,923253,1875809
Bihar,Gaya (SC),Sushma Kumari,BSP,N,12376,0.68,1.31,FD,946388,1821330
Bihar,Jamui (SC),Archana Kumari,RJD,S,396564,20.76,41.61,L,953051,1910619
Goa,North Goa (GEN),Milan R Vaingankar,BSP,N,1631,0.28,0.36,FD,450436,580710
Goa,South Goa (GEN),Pallavi Shrinivas Dempo,BJP,N,204301,34.11,45.84,L,445683,598934
Goa,South Goa (GEN),Dr Sweta Gaonkar,BSP,N,1581,0.26,0.35,FD,445683,598934
Gujarat,Kachchh (SC),Kavitaben Dineshbhai Machchhoya,IND,Z,3366,0.17,0.31,FD,1076415,1943633
Gujarat,Kachchh (SC),Vanazara Hiraben Dalpatbhai,IND,Z,5151,0.27,0.48,FD,1076415,1943633
Gujarat,Banaskantha (GEN),Geniben Nagaji Thakor,INC,N,671883,34.22,49.63,W,1353736,1963312
Gujarat,Banaskantha (GEN),Dr. Rekhaben Hiteshbhai Chaudhari,BJP,N,641477,32.67,47.39,L,1353736,1963312
Gujarat,Sabarkantha (GEN),Shobhanaben Mahendrasinh Baraiya,BJP,N,677318,34.19,54.26,W,1248282,1980797
Gujarat,Sabarkantha (GEN),Thakor Indiraben Jitendrasinh,ISP,U,1436,0.07,0.12,FD,1248282,1980797
Gujarat,Sabarkantha (GEN),Bhavnaba Narendrasinh Parmar,IND,Z,5459,0.28,0.44,FD,1248282,1980797
Gujarat,Gandhinagar (GEN),Sonal Ramanbhai Patel,INC,N,266256,12.19,20.48,L,1299797,2183402
Gujarat,Gandhinagar (GEN),Maurya Sumitra Devnarian,PAP,U,1217,0.06,0.09,FD,1299797,2183402
Gujarat,Gandhinagar (GEN),Mansuri Suhana,IND,Z,1453,0.07,0.11,FD,1299797,2183402
Gujarat,Jamnagar (GEN),Poonamben Hematbhai Maadam,BJP,N,620049,34.09,59.61,W,1040151,1818959
Gujarat,Amreli (GEN),Jenny Thummar,INC,N,259804,14.99,30.03,L,865077,1733367
Gujarat,Bhavnagar (GEN),Nimuben Jayantibhai Bambhaniya (Nimuben Bambhaniya),BJP,N,716883,37.37,69.7,W,1028467,1918394
Gujarat,Bhavnagar (GEN),Brahmakshtriya Bhagvatiben Khetsinh,IND,Z,1624,0.08,0.16,FD,1028467,1918394
Gujarat,Kheda (GEN),Indiradevi Hiralal Vora,GRBKLYNP,U,1135,0.06,0.1,FD,1157024,2008281
Gujarat,Dahod (ST),Dr. Prabhaben Kishorsinh Taviyad,INC,N,355038,18.92,32.77,L,1083356,1876247
Gujarat,Bharuch (GEN),Gitaben Manubhai Machhi,MLCNG,U,2764,0.16,0.24,FD,1175681,1723670
Gujarat,Bardoli (ST),Rekhaben Harsingbhai Chaudhari,BSP,N,16144,0.79,1.23,FD,1313791,2048788
Gujarat,Navsari (GEN),Sumanben Khushwa (Hansika Rajput),SVPP,U,1426,0.06,0.11,FD,1317754,2223804
Haryana,AMBALA (SC),Kiran Punia,JNJP,S,6092,0.3,0.45,FD,1340270,2003510
Haryana,AMBALA (SC),Banto Kataria,BJP,N,614621,30.68,45.86,L,1340270,2003510
Haryana,KURUKSHETRA (GEN),Pataso Devi Ex-Sarpanch,IND,Z,1379,0.08,0.11,FD,1203433,1799822
Haryana,SIRSA (SC),Selja,INC,N,733823,37.8,54.34,W,1350509,1941319
Haryana,HISAR (GEN),Naina Singh Chautala,JNJP,S,22032,1.22,1.88,FD,1170749,1799539
Haryana,HISAR (GEN),Sunaina Chautala,INLD,S,22303,1.24,1.91,FD,1170749,1799539
Haryana,HISAR (GEN),Poonam Mor,IND,Z,1241,0.07,0.11,FD,1170749,1799539
Haryana,KARNAL (GEN),Leena Kohli,IND,Z,1292,0.06,0.1,FD,1341937,2109702
Haryana,KARNAL (GEN),Sonia,IND,Z,1851,0.09,0.14,FD,1341937,2109702
Haryana,ROHTAK (GEN),Kalawati,IND,Z,2150,0.11,0.17,FD,1246084,1913628
Haryana,ROHTAK (GEN),Manisha,IND,Z,431,0.02,0.03,FD,1246084,1913628
Haryana,BHIWANI-MAHENDRAGARH (GEN),Varsha,IND,Z,1053,0.06,0.09,FD,1178108,1821764
Haryana,BHIWANI-MAHENDRAGARH (GEN),Seema,IND,Z,2979,0.16,0.25,FD,1178108,1821764
Haryana,GURGAON (GEN),Vandna Guliya,RTORP,U,1000,0.04,0.06,FD,1594815,2584982
Haryana,FARIDABAD (GEN),Brijabala,PPID,U,1380,0.06,0.09,FD,1464501,2436637
Haryana,FARIDABAD (GEN),Shakila Hussain,LOKJANP,U,551,0.02,0.04,FD,1464501,2436637
Himachal Pradesh,KANGRA (GEN),Rekha Chaudhary,BSP,N,7753,0.51,0.75,FD,1030496,1524032
Himachal Pradesh,MANDI (GEN),Kangna Ranaut,BJP,N,537022,38.99,53.16,W,1010165,1377173
Himachal Pradesh,MANDI (GEN),Rakhee Gupta,IND,Z,1051,0.08,0.1,FD,1010165,1377173
Karnataka,Chikkodi (GEN),Priyanka Satish Jarkiholi,INC,N,713461,40.3,51.31,W,1390485,1770523
Karnataka,Bagalkot (GEN),Samyukta Shivanand Patil,INC,N,602640,33.29,45.86,L,1314141,1810090
Karnataka,Bagalkot (GEN),Jyoti Guledgudda,IND,Z,4645,0.26,0.35,FD,1314141,1810090
Karnataka,Bijapur (SC),Nagajyoti.B.N.,SUCI,U,2392,0.12,0.19,FD,1288612,1947976
Karnataka,Bijapur (SC),Bhovi Tarabai,IND,Z,4353,0.22,0.34,FD,1288612,1947976
Karnataka,Gulbarga (SC),Jyoti Ramesh Chavan,IND,Z,2805,0.13,0.22,FD,1302048,2098778
Karnataka,Gulbarga (SC),Tarabai Bhovi,IND,Z,1550,0.07,0.12,FD,1302048,2098778
Karnataka,Raichur (ST),Yallamma Dalapathi,IND,Z,3634,0.18,0.28,FD,1289769,2010441
Karnataka,Koppal (GEN),Ramzanbee,AIUC,U,806,0.04,0.06,FD,1325417,1867016
Karnataka,Koppal (GEN),Rukmini,IND,Z,5282,0.28,0.4,FD,1325417,1867016
Karnataka,Haveri (GEN),Tanu Chikkanna Yadav,KRS,U,636,0.04,0.05,FD,1384947,1794394
Karnataka,Haveri (GEN),Rasheeda Begum,IMP,U,397,0.02,0.03,FD,1384947,1794394
Karnataka,Haveri (GEN),Sunanda Kariyappa Shirhatti,IND,Z,4707,0.26,0.34,FD,1384947,1794394
Karnataka,Uttara Kannada (GEN),Dr. Anjali Nimbalkar,INC,N,445067,27.04,35.53,L,1252585,1645721
Karnataka,Davanagere (GEN),Gayithri Siddeshwara,BJP,N,606965,35.5,46.08,L,1317192,1709809
Karnataka,Davanagere (GEN),Dr. Prabha Mallikarjun,INC,N,633059,37.03,48.06,W,1317192,1709809
Karnataka,Davanagere (GEN),G.M.Gayitri Siddeshi,IND,Z,2464,0.14,0.19,FD,1317192,1709809
Karnataka,Davanagere (GEN),T.Jabeena Aapa,IND,Z,5128,0.3,0.39,FD,1317192,1709809
Karnataka,Davanagere (GEN),Taslim Banu,IND,Z,4141,0.24,0.31,FD,1317192,1709809
Karnataka,Shimoga (GEN),Geetha Shivarajkumar,INC,N,535006,30.51,38.97,L,1372892,1753615
Karnataka,Shimoga (GEN),Pooja N. Annaiah,IND,Z,3457,0.2,0.25,FD,1372892,1753615
Karnataka,Dakshina Kannada (GEN),Ranjini. M,KRS,U,776,0.04,0.06,FD,1392194,1818127
Karnataka,Chitradurga (SC),Sujatha .D.,SUCI,U,1014,0.05,0.07,FD,1363719,1857385
Karnataka,Chitradurga (SC),Tulasi.H,IND,Z,1082,0.06,0.08,FD,1363719,1857385
Karnataka,Tumkur (GEN),R. Pushpa,IND,Z,629,0.04,0.05,FD,1296991,1661834
Karnataka,Mandya (GEN),Ranjitha. N,IND,Z,2909,0.16,0.2,FD,1452531,1780149
Karnataka,Mysore (GEN),Prajakeeya Leela Shivakumar,UPJP,U,1754,0.08,0.12,FD,1479983,2094310
Karnataka,Chamarajanagar (SC),Suma.S,SUCI,U,3826,0.22,0.28,FD,1361654,1778667
Karnataka,Bangalore Rural (GEN),Hemavathi K,SUCI,U,1774,0.06,0.09,FD,1908891,2802956
Karnataka,Bangalore North (GEN),Shobha Karandlaje,BJP,N,986049,30.67,56.7,W,1738950,3215291
Karnataka,Bangalore North (GEN),Y.R.Kalleshwari,SAJP,U,1077,0.03,0.06,FD,1738950,3215291
Karnataka,Bangalore North (GEN),Nirmala H.L,SUCI,U,977,0.03,0.06,FD,1738950,3215291
Karnataka,Bangalore North (GEN),Lakshmi Srihari.J.N.,IND,Z,2094,0.07,0.12,FD,1738950,3215291
Karnataka,Bangalore North (GEN),Shobha,IND,Z,1280,0.04,0.07,FD,1738950,3215291
Karnataka,Bangalore North (GEN),Sudha. V,IND,Z,657,0.02,0.04,FD,1738950,3215291
Karnataka,Bangalore central (GEN),Abhaya Sheela.,RTSMJD,U,635,0.03,0.05,FD,1304384,2434254
Karnataka,Bangalore central (GEN),Uma. V.,IND,Z,827,0.03,0.06,FD,1304384,2434254
Karnataka,Bangalore central (GEN),Jayalakshmi Sundara Rajan,IND,Z,2761,0.11,0.21,FD,1304384,2434254
Karnataka,Bangalore South (GEN),Sowmya Reddy,INC,N,473747,20.23,38.16,L,1241485,2341895
Karnataka,Bangalore South (GEN),Tintisha Hemachandra Sagar,IND,Z,1968,0.08,0.16,FD,1241485,2341895
Karnataka,Bangalore South (GEN),Tejaswini Dhananjay,IND,Z,1150,0.05,0.09,FD,1241485,2341895
Karnataka,Chikkballapur (GEN),Kalavathi. N,SUCI,U,2744,0.14,0.18,FD,1524224,1981767
Kerala,Kasaragod (GEN),M.L Ashwini,BJP,N,219558,15.08,19.86,L,1105434,1455530
Kerala,Kasaragod (GEN),Sukumari M,BSP,N,1612,0.11,0.15,FD,1105434,1455530
Kerala,Kasaragod (GEN),Rajeswari K.R,IND,Z,897,0.06,0.08,FD,1105434,1455530
Kerala,Vadakara (GEN),K.K. Shailaja Teacher,CPI(M),N,443022,31.09,39.55,L,1120038,1424792
Kerala,Vadakara (GEN),Sylaja P. W/O Kunjiraman,IND,Z,326,0.02,0.03,FD,1120038,1424792
Kerala,Vadakara (GEN),Shylaja W/O Jayakrishnan,IND,Z,680,0.05,0.06,FD,1120038,1424792
Kerala,Vadakara (GEN),K.K. Shylaja W/O Rajan,IND,Z,1179,0.08,0.11,FD,1120038,1424792
Kerala,Wayanad (GEN),Annie Raja,CPI,S,283023,19.33,26.26,L,1077654,1464472
Kerala,Wayanad (GEN),Praseetha Azhikode,IND,Z,840,0.06,0.08,FD,1077654,1464472
Kerala,Kozhikode (GEN),Subha,IND,Z,712,0.05,0.07,FD,1083734,1432508
Kerala,Ponnani (GEN),Adv. Nivedida,BJP,N,124798,8.48,12.24,FD,1019735,1471260
Kerala,Ponnani (GEN),Bindhu W/O Devarajan,IND,Z,847,0.06,0.08,FD,1019735,1471260
Kerala,Palakkad (GEN),K T Padmini,BSP,N,2132,0.15,0.21,FD,1027043,1400914
Kerala,Palakkad (GEN),Anna Kuriakose,IND,Z,1433,0.1,0.14,FD,1027043,1400914
Kerala,Alathur (SC),Ramya Haridas,INC,N,383336,28.6,39.11,L,980235,1340183
Kerala,Alathur (SC),Dr T N Sarasu,BJP,N,188230,14.05,19.2,L,980235,1340183
Kerala,Chalakudy (GEN),Rosilin Chacko,BSP,N,2410,0.18,0.26,FD,943224,1311257
Kerala,Ernakulam (GEN),K. J. Shine Teacher,CPI(M),N,231932,17.51,25.69,L,902744,1324757
Kerala,Idukki (GEN),Adv. Sangeetha Viswanathan,BDJS,U,91323,7.3,10.99,FD,831138,1251172
Kerala,Alappuzha (GEN),Sobha Surendran,BJP,N,299648,21.3,28.5,L,1051338,1406689
Kerala,Alappuzha (GEN),Jyothi Abraham,IND,Z,338,0.02,0.03,FD,1051338,1406689
Kerala,Kollam (GEN),P Krishnammal,MCPI,U,549,0.04,0.06,FD,909145,1330873
Kerala,Kollam (GEN),Twinkle Prabhakaran,SUCI,U,708,0.05,0.08,FD,909145,1330873
Kerala,Attingal (GEN),Adv Surabhi S,BSP,N,4524,0.32,0.46,FD,975550,1401114
Kerala,Thiruvananthapuram (GEN),S Mini,SUCI,U,1109,0.08,0.12,FD,956230,1434657
Madhya Pradesh,MORENA (GEN),Rajkumari,IND,Z,1441,0.07,0.12,FD,1182417,2015928
Madhya Pradesh,BHIND (SC),Sandhya Ray,BJP,N,537065,28.07,51.52,W,1042473,1913389
Madhya Pradesh,BHIND (SC),Rekha Shakya,IND,Z,2667,0.14,0.26,FD,1042473,1913389
Madhya Pradesh,GWALIOR (GEN),Archana Singh Rathore,RSPS,U,5892,0.27,0.44,FD,1339888,2160206
Madhya Pradesh,GWALIOR (GEN),Anjali Monu Rawat,PRVPOI,U,1279,0.06,0.1,FD,1339888,2160206
Madhya Pradesh,GWALIOR (GEN),Comrade Rachna Agrawal,SUCI,U,803,0.04,0.06,FD,1339888,2160206
Madhya Pradesh,SAGAR (GEN),Dr. Lata Wankhede,BJP,N,787979,45.11,68.95,W,1142892,1746640
Madhya Pradesh,SAGAR (GEN),Laxmi Kushwaha,PSPU,U,952,0.05,0.08,FD,1142892,1746640
Madhya Pradesh,KHAJURAHO (GEN),Keshkali,RTJSD,U,2872,0.14,0.26,FD,1124413,1998536
Madhya Pradesh,SATNA (GEN),Ranjana Mishra,NDS,U,915,0.05,0.09,FD,1056419,1708823
Madhya Pradesh,REWA (GEN),Neelam Abhay Mishra,INC,N,284085,15.28,31.18,L,911193,1859439
Madhya Pradesh,SIDHI (GEN),Smt. Tara Devi Singh,RTJSD,U,2707,0.13,0.24,FD,1143048,2030095
Madhya Pradesh,SHAHDOL (ST),Smt. Himadri Singh,BJP,N,711143,39.99,62.79,W,1132652,1778158
Madhya Pradesh,SHAHDOL (ST),Dr. Durga Wati Bharia,cvgrp,U,3444,0.19,0.3,FD,1132652,1778158
Madhya Pradesh,SHAHDOL (ST),Keshkali Baiga,IND,Z,10071,0.57,0.89,FD,1132652,1778158
Madhya Pradesh,MANDLA (ST),Kaliya Bai Kakodia,IND,Z,3001,0.14,0.2,FD,1516711,2103244
Madhya Pradesh,BALAGHAT (GEN),Bharti Pardhi,BJP,N,712660,37.99,51.99,W,1370770,1875760
Madhya Pradesh,BALAGHAT (GEN),Priyanka Sanjay Bhandarkar,BSCP,U,2926,0.16,0.21,FD,1370770,1875760
Madhya Pradesh,HOSHANGABAD (GEN),Jyoti Suresh Jhariya,IND,Z,2046,0.11,0.17,FD,1234751,1858158
Madhya Pradesh,VIDISHA (GEN),Seema Sharma,SPAKP,U,1073,0.06,0.07,FD,1446378,1946631
Madhya Pradesh,BHOPAL (GEN),Bharti Yadav,IND,Z,1839,0.08,0.12,FD,1491664,2339411
Madhya Pradesh,UJJAIN (SC),Ganga Malviya,IND,Z,1295,0.07,0.1,FD,1319248,1800347
Madhya Pradesh,RATLAM (ST),Anita Nagarsingh Chouhan,BJP,N,795863,37.99,53.03,W,1500908,2095109
Madhya Pradesh,RATLAM (ST),Sheetal Barela,AKNDBRTSMR,U,3930,0.19,0.26,FD,1500908,2095109
Madhya Pradesh,RATLAM (ST),Sumitra Meda,IND,Z,6930,0.33,0.46,FD,1500908,2095109
Madhya Pradesh,DHAR (ST),Savitri Thakur,BJP,N,794449,40.63,56.37,W,1409393,1955117
Maharashtra,Nandurbar (ST),Dr Heena Vijaykumar Gavit,BJP,N,586878,29.77,42.54,L,1379546,1971324
Maharashtra,Nandurbar (ST),Nirmala Vasave,PPID,U,6947,0.35,0.5,FD,1379546,1971324
Maharashtra,Nandurbar (ST),Gitanjali Shashikant Koli,IND,Z,2381,0.12,0.17,FD,1379546,1971324
Maharashtra,Dhule (GEN),Bachhav Shobha Dinesh,INC,N,583866,28.83,48.07,W,1214602,2025275
Maharashtra,Jalgaon (GEN),Smita Uday Wagh,BJP,N,674428,33.71,58.36,W,1155634,2000402
Maharashtra,Raver (GEN),Khadse Raksha Nikhil,BJP,N,630879,34.59,54.03,W,1167566,1823827
Maharashtra,Raver (GEN),Komalbai Bapurao Patil,IND,Z,1429,0.08,0.12,FD,1167566,1823827
Maharashtra,Raver (GEN),Mamta Alias Mumtaj Bhikari Tadavi,IND,Z,7884,0.43,0.68,FD,1167566,1823827
Maharashtra,Buldhana (GEN),Prof Sumantai Tirpude,PPID,U,1511,0.08,0.14,FD,1105710,1787095
Maharashtra,Buldhana (GEN),Rekha Kailas Pophalkar,IND,Z,1540,0.09,0.14,FD,1105710,1787095
Maharashtra,Akola (GEN),Priti Pramod Sadanshiv,RPIS,U,536,0.03,0.05,FD,1167289,1894657
Maharashtra,Akola (GEN),Ujwala Vinayak Raut,IND,Z,1306,0.07,0.11,FD,1167289,1894657
Maharashtra,Amravati (SC),Navneet Ravi Rana,BJP,N,506540,27.55,43.26,L,1171035,1838767
Maharashtra,Amravati (SC),Sushama Gajanan Awachar,JYVDRBP,U,659,0.04,0.06,FD,1171035,1838767
Maharashtra,Amravati (SC),Tara Suresh Wankhade,IND,Z,527,0.03,0.05,FD,1171035,1838767
Maharashtra,Amravati (SC),Varsha Bhagawantrao Bhagat,IND,Z,443,0.02,0.04,FD,1171035,1838767
Maharashtra,Amravati (SC),Sumitra Sahebrao Gaikwad,IND,Z,2690,0.15,0.23,FD,1171035,1838767
Maharashtra,Amravati (SC),Sonali Sanjay Meshram,IND,Z,272,0.01,0.02,FD,1171035,1838767
Maharashtra,Wardha (GEN),Dixita Anand,DJHP,U,736,0.04,0.07,FD,1090378,1684292
Maharashtra,Wardha (GEN),Pooja Pankaj Tadas,IND,Z,2135,0.13,0.2,FD,1090378,1684292
Maharashtra,Ramtek (SC),Gaikwad Manjusha Sachin,AKBRPRVP,U,1773,0.09,0.14,FD,1244685,2050952
Maharashtra,Ramtek (SC),Roshani Atul Gajbhiye,GGP,U,5137,0.25,0.41,FD,1244685,2050952
Maharashtra,Nagpur (GEN),Babita Raju Awasthi,IND,Z,182,0.01,0.02,FD,1205847,2224282
Maharashtra,Bhandara Gondiya (GEN),Suryakiran Ishwar Nandagawali,IND,Z,1162,0.06,0.09,FD,1224805,1830399
Maharashtra,Chandrapur (GEN),Dhanorkar Pratibha Suresh Alias Balubhau,INC,N,718410,39.05,58.39,W,1230461,1839760
Maharashtra,Chandrapur (GEN),Purnima Dilip Ghonmode,BARESP,U,973,0.05,0.08,FD,1230461,1839760
Maharashtra,Chandrapur (GEN),Vanita Jitendra Raut,ABMP,U,1057,0.06,0.09,FD,1230461,1839760
Maharashtra,Yavatmal- Washim (GEN),Rajshritai Hemant Patil (Mahalle),SHS,S,500334,25.76,41.14,L,1216139,1942461
Maharashtra,Yavatmal- Washim (GEN),Sangita Dinesh Chavhan,IND,Z,7180,0.37,0.59,FD,1216139,1942461
Maharashtra,Hingoli (GEN),Devsarkar Varsha Shivajirao,BMUP,U,4099,0.23,0.35,FD,1156175,1819082
Maharashtra,Hingoli (GEN),Trishala Milind Kamble,BSP(A),U,2150,0.12,0.19,FD,1156175,1819082
Maharashtra,Nanded (GEN),Kausar Sultana,INL,U,1215,0.07,0.11,FD,1124626,1853532
Maharashtra,Nanded (GEN),Rukminbai Shankarrao Gite,BPSJP,U,903,0.05,0.08,FD,1124626,1853532
Maharashtra,Nanded (GEN),Sushila Nilkanthrao Pawar,SMNKJP,U,1890,0.1,0.17,FD,1124626,1853532
Maharashtra,Nanded (GEN),Kalpana Sanjay Gaikwad,IND,Z,1310,0.07,0.12,FD,1124626,1853532
Maharashtra,Parbhani (GEN),Sangeeta Vyakantrao Giri,SSS,U,2339,0.11,0.18,FD,1327791,2124497
Maharashtra,Aurangabad (GEN),Panchashila Babulal Jadhav,RBS,U,1274,0.06,0.1,FD,1296424,2061220
Maharashtra,Aurangabad (GEN),Pratiksha Prashant Chavan,ARP,U,1194,0.06,0.09,FD,1296424,2061220
Maharashtra,Aurangabad (GEN),Manisha Kharat,BAHUMP,U,3105,0.15,0.24,FD,1296424,2061220
Maharashtra,Aurangabad (GEN),Meenasing Avdheshsing Sing,IND,Z,784,0.04,0.06,FD,1296424,2061220
Maharashtra,Aurangabad (GEN),Sangita Ganesh Jadhav,IND,Z,2212,0.11,0.17,FD,1296424,2061220
Maharashtra,Dindori (ST),Dr. Bharati Pravin Pawar,BJP,N,464140,24.98,37.65,L,1232664,1857924
Maharashtra,Dindori (ST),Dhomse Malati Rahul,VBA,U,37103,2,3.01,FD,1232664,1857924
Maharashtra,Nashik (GEN),Jayshri Mahendra Patil,SaSP,U,2426,0.12,0.2,FD,1231019,2033175
Maharashtra,Nashik (GEN),Darshana Amol Medhe,PRCP,U,4736,0.23,0.38,FD,1231019,2033175
Maharashtra,Nashik (GEN),Bhagyashri Nitin Adsul,INDPPLSADH,U,1244,0.06,0.1,FD,1231019,2033175
Maharashtra,Nashik (GEN),Tilottama Sunil Jagtap,IND,Z,656,0.03,0.05,FD,1231019,2033175
Maharashtra,Nashik (GEN),Sushama Abhijit Gorane,IND,Z,2260,0.11,0.18,FD,1231019,2033175
Maharashtra,Palghar (ST),Bharti Bharat Kamdi,SHSUBT,S,417938,19.45,30.9,L,1352689,2148850
Maharashtra,Palghar (ST),Vijaya Rajkumar Mhatre,VBA,U,10936,0.51,0.81,FD,1352689,2148850
Maharashtra,Palghar (ST),Meena Kishor Bhad,IND,Z,14235,0.66,1.05,FD,1352689,2148850
Maharashtra,Bhiwandi (GEN),Kanchan Vinayak Vakhare,NRSP,U,24625,1.18,1.98,FD,1244052,2087604
Maharashtra,Bhiwandi (GEN),Tara Pintya Waghe,IND,Z,6908,0.33,0.56,FD,1244052,2087604
Maharashtra,Bhiwandi (GEN),Manisha Santosh Gondhale,IND,Z,5120,0.25,0.41,FD,1244052,2087604
Maharashtra,Bhiwandi (GEN),Ranjana Ravi Tribhuwan,IND,Z,1085,0.05,0.09,FD,1244052,2087604
Maharashtra,Bhiwandi (GEN),Sonali Ashok Gangawane,IND,Z,698,0.03,0.06,FD,1244052,2087604
Maharashtra,Kalyan (GEN),Vaishali Darekar - Rane,SHSUBT,S,380492,18.27,36.8,L,1034050,2082800
Maharashtra,Kalyan (GEN),Poonam Jagannath Baisane,BARESP,U,1381,0.07,0.13,FD,1034050,2082800
Maharashtra,Kalyan (GEN),Sushila Kashinath Kamble,BSP(A),U,1858,0.09,0.18,FD,1034050,2082800
Maharashtra,Kalyan (GEN),Ashwini Amol Kendre,IND,Z,2468,0.12,0.24,FD,1034050,2082800
Maharashtra,Kalyan (GEN),Prajakta Nilesh Yelve,IND,Z,783,0.04,0.08,FD,1034050,2082800
Maharashtra,Thane (GEN),Salima Muktar Vasani,BAHUMP,U,912,0.04,0.07,FD,1291167,2508072
Maharashtra,Thane (GEN),Archana Dinkar Gaikwad,IND,Z,1180,0.05,0.09,FD,1291167,2508072
Maharashtra,Mumbai North (GEN),Deepali Bhawarsing Shekhawat,MVA,U,625,0.03,0.06,FD,1022147,1812115
Maharashtra,Mumbai North (GEN),Adv. Sonal Diwakar Gondane,VBA,U,6052,0.33,0.59,FD,1022147,1812115
Maharashtra,Mumbai North (GEN),Dipti Ashok Walawalkar,IND,Z,1472,0.08,0.14,FD,1022147,1812115
Maharashtra,Mumbai North West (GEN),Sarika Dabral,INGRP,U,768,0.04,0.08,FD,939778,1735295
Maharashtra,Mumbai North West (GEN),Adv. Lata Pandurang Shinde,IND,Z,1154,0.07,0.12,FD,939778,1735295
Maharashtra,Mumbai North West (GEN),Sushma Dayanand Mehta,IND,Z,882,0.05,0.09,FD,939778,1735295
Maharashtra,Mumbai North West (GEN),Hruda Dhananjay Shinde,IND,Z,1078,0.06,0.11,FD,939778,1735295
Maharashtra,Mumbai North East (GEN),Vidya Naik,IND,Z,979,0.06,0.11,FD,916296,1637292
Maharashtra,Mumbai North East (GEN),Dr. Sushma Maurya,IND,Z,2891,0.18,0.32,FD,916296,1637292
Maharashtra,Mumbai North Central (GEN),Gaikwad Varsha Eknath,INC,N,445545,25.54,49.46,W,900813,1744297
Maharashtra,Mumbai North Central (GEN),Harshada Baburav Jadhav,MVA,U,690,0.04,0.08,FD,900813,1744297
Maharashtra,Mumbai North Central (GEN),Nazmakhathun Mohammed Zafar Khan,IND,Z,732,0.04,0.08,FD,900813,1744297
Maharashtra,Mumbai North Central (GEN),Rama Arun Sable,IND,Z,636,0.04,0.07,FD,900813,1744297
Maharashtra,Mumbai South (GEN),Yamini Yashwant Jadhav,SHS,S,342982,22.32,45.15,L,759702,1536443
Maharashtra,Mumbai South (GEN),Gohil Manisha Shivram,IND,Z,1045,0.07,0.14,FD,759702,1536443
Maharashtra,Mumbai South (GEN),Sabeeha Khan,IND,Z,1694,0.11,0.22,FD,759702,1536443
Maharashtra,Raigad (GEN),Kumudini Ravindra Chavan,VBA,U,19618,1.17,1.99,FD,986002,1669722
Maharashtra,Raigad (GEN),Anjani Ashwin Kelkar,IND,Z,1350,0.08,0.14,FD,986002,1669722
Maharashtra,Maval (GEN),Madhavitai Naresh Joshi,VBA,U,27768,1.07,1.98,FD,1402641,2585776
Maharashtra,Pune (GEN),Vijayalaxmi Shrikant Sindagi,RASMARP,U,240,0.01,0.02,FD,1097112,2062172
Maharashtra,Pune (GEN),Ashwini Pratibha Khairnar,IND,Z,415,0.02,0.04,FD,1097112,2062172
Maharashtra,Pune (GEN),Dr. Devyani Pandit,IND,Z,650,0.03,0.06,FD,1097112,2062172
Maharashtra,Baramati (GEN),Priyadarshani Nandkumar Kokare,BSP,N,10030,0.42,0.71,FD,1403198,2374884
Maharashtra,Baramati (GEN),Sunetra Ajitdada Pawar,NCP,S,573979,24.17,40.91,L,1403198,2374884
Maharashtra,Baramati (GEN),Supriya Sule,NCPSP,S,732312,30.84,52.19,W,1403198,2374884
Maharashtra,Baramati (GEN),Kamble Trishala,BSP(A),U,5036,0.21,0.36,FD,1403198,2374884
Maharashtra,Baramati (GEN),Savita Bhimrao Kadale,HJP,U,551,0.02,0.04,FD,1403198,2374884
Maharashtra,Baramati (GEN),Kalyani Sujitkumar Waghmode,IND,Z,1975,0.08,0.14,FD,1403198,2374884
Maharashtra,Baramati (GEN),Shubhangi Dhaygude,IND,Z,1292,0.05,0.09,FD,1403198,2374884
Maharashtra,Baramati (GEN),Sunita Pawar,IND,Z,4151,0.17,0.3,FD,1403198,2374884
Maharashtra,Shirur (GEN),Chaaya Sanjay Jagdale-Solanke,IND,Z,1830,0.07,0.13,FD,1364803,2541750
Maharashtra,Ahmednagar (GEN),Aarti Kishorkumar Haldar,PRCP,U,3799,0.19,0.29,FD,1322195,1988934
Maharashtra,Shirdi (SC),Utkarsha Premanand Rupwate,VBA,U,90929,5.41,8.62,FD,1054484,1680067
Maharashtra,Beed (GEN),Pankaja Gopinathrao Munde,BJP,N,677397,31.55,44.56,L,1520208,2147063
Maharashtra,Beed (GEN),Karuna Dhananjay Munde,SSS,U,1599,0.07,0.11,FD,1520208,2147063
Maharashtra,Beed (GEN),Laxmibai Bajirao More,IND,Z,382,0.02,0.03,FD,1520208,2147063
Maharashtra,Beed (GEN),Shital Shivaji Dhondre,IND,Z,1303,0.06,0.09,FD,1520208,2147063
Maharashtra,Osmanabad (GEN),Archana Ranajagjitsinh Patil,NCP,S,418906,20.98,32.81,L,1276754,1996484
Maharashtra,Osmanabad (GEN),Shayani Navanath Jadhav,IND,Z,782,0.04,0.06,FD,1276754,1996484
Maharashtra,Latur (SC),Atithi Khanderao Suryvanshi,SSS,U,5178,0.26,0.42,FD,1235512,1980409
Maharashtra,Latur (SC),Papita Raosaheb Randive,IND,Z,581,0.03,0.05,FD,1235512,1980409
Maharashtra,Solapur (SC),Praniti Sushilkumar Shinde,INC,N,620225,30.52,51.61,W,1201760,2031921
Maharashtra,Solapur (SC),Shrividyadurgadevi,IND,Z,3493,0.17,0.29,FD,1201760,2031921
Maharashtra,Sangli (GEN),Suwarnatai Sudhakar Gayakwad,IND,Z,1937,0.1,0.17,FD,1162179,1874176
Maharashtra,Satara (GEN),Pratibha Shelar,IND,Z,1123,0.06,0.09,FD,1192482,1899325
Maharashtra,Satara (GEN),Seema Sunil Potdar,IND,Z,3458,0.18,0.29,FD,1192482,1899325
Maharashtra,Kolhapur (GEN),Krushnabai Dipak Chougale,IND,Z,3063,0.16,0.22,FD,1387343,1942725
Maharashtra,Kolhapur (GEN),Madhuri Raju Jadhav,IND,Z,3508,0.18,0.25,FD,1387343,1942725
Meghalaya,Shillong (ST),Dr. Mazel Ampareen Lyngdoh,NPEP,N,186488,13.29,18.16,L,1026903,1402892
Meghalaya,Tura (ST),Agatha K Sangma,NPEP,N,228678,27.63,34.22,L,668216,827559
Mizoram,MIZORAM (ST),Rita Malsawmi,MPC,U,3793,0.44,0.77,FD,489443,861327
Odisha,Bargarh (GEN),Parinita Mishra,BJD,S,464692,28.44,35.82,L,1297323,1633893
Odisha,Bargarh (GEN),Devika Sika,NAPt,U,4538,0.28,0.35,FD,1297323,1633893
Odisha,Mayurbhanj (ST),Anjani Soren,JMM,S,135399,8.76,11.73,FD,1154097,1546274
Odisha,Mayurbhanj (ST),Santilata Chattar,IND,Z,8477,0.55,0.73,FD,1154097,1546274
Odisha,Balasore (GEN),Lekhasri Samantsinghar,BJD,S,416335,25.86,33.81,L,1231339,1610043
Odisha,Bhadrak (SC),Manjulata Mandal,BJD,S,481775,27.16,37.29,L,1291899,1773928
Odisha,Jajpur (SC),Sarmistha Sethi,BJD,S,532652,34.4,46.14,L,1154420,1548594
Odisha,Jajpur (SC),Er. Sandhya Rani Mallick,BSP,N,3218,0.21,0.28,FD,1154420,1548594
Odisha,Jajpur (SC),Jhuna Malik,MLD,U,2077,0.13,0.18,FD,1154420,1548594
Odisha,Dhenkanal (GEN),Sashmita Behera,INC,N,34730,2.26,2.95,FD,1177896,1533702
Odisha,Dhenkanal (GEN),Manasi Swain,SUCI,U,3384,0.22,0.29,FD,1177896,1533702
Odisha,Dhenkanal (GEN),Swapna Rani James,US,U,1608,0.1,0.14,FD,1177896,1533702
Odisha,Bolangir (GEN),Sangeeta Kumari Singh Deo,BJP,N,617744,34.25,44.63,W,1384184,1803544
Odisha,Kalahandi (GEN),Droupadi Majhi,INC,N,303199,17.81,23.07,L,1314529,1702038
Odisha,Kalahandi (GEN),Malvika Devi,BJP,N,544303,31.98,41.41,W,1314529,1702038
Odisha,Kandhamal (GEN),Kanak Manjari Rath,IND,Z,5205,0.39,0.53,FD,980371,1340580
Odisha,Cuttack (GEN),Minati Patnaik,SAMO,U,1251,0.08,0.11,FD,1112636,1574979
Odisha,Cuttack (GEN),Sobha Pandey,IND,Z,3888,0.25,0.35,FD,1112636,1574979
Odisha,Kendrapara (GEN),Suprava Das,AKBRPRVP,U,1561,0.09,0.12,FD,1271293,1795725
Odisha,Jagatsinghpur (SC),Dr. Rajashree Mallick,BJD,S,548397,32.19,42.8,L,1281405,1703489
Odisha,Jagatsinghpur (SC),Bhanumati Das,US,U,677,0.04,0.05,FD,1281405,1703489
Odisha,Jagatsinghpur (SC),Sili Mallick,SAMO,U,930,0.05,0.07,FD,1281405,1703489
Odisha,Puri (GEN),Sobha Pandey,IND,Z,2229,0.14,0.19,FD,1189328,1589698
Odisha,Bhubaneswar (GEN),Aparajita Sarangi,BJP,N,512519,30.6,47.72,W,1073913,1675019
Odisha,Bhubaneswar (GEN),Santilata Rout,SZPB,U,1441,0.09,0.13,FD,1073913,1675019
Odisha,Bhubaneswar (GEN),Sangeeta Pattanaik,ODSHJP,U,1530,0.09,0.14,FD,1073913,1675019
Odisha,Aska (GEN),Anita Subhadarshini,BJP,N,494226,30.44,49.62,W,995973,1623404
Odisha,Aska (GEN),Ranjita Sahu,BJD,S,394252,24.29,39.58,L,995973,1623404
Odisha,Berhampur (GEN),Sirin Tammana,IND,Z,5078,0.32,0.49,FD,1026981,1595228
Odisha,Koraput (ST),Kausalya Hikaka,BJD,S,323318,21.82,29.11,L,1110513,1481642
Odisha,Koraput (ST),Damini Jani,BSP,N,15413,1.04,1.39,FD,1110513,1481642
Odisha,Koraput (ST),Pramila Pujari,SUCI,U,4867,0.33,0.44,FD,1110513,1481642
Odisha,Koraput (ST),Suman Kanta,NBBHNRSVP,U,8387,0.57,0.76,FD,1110513,1481642
Punjab,Gurdaspur (GEN),Santosh Kumari,MEDP,U,1194,0.07,0.11,FD,1074472,1627611
Punjab,Gurdaspur (GEN),Santosh Kaur,IND,Z,4738,0.29,0.44,FD,1074472,1627611
Punjab,Gurdaspur (GEN),Gurpreet Kaur Bajwa,IND,Z,1709,0.11,0.16,FD,1074472,1627611
Punjab,Amritsar (GEN),Daswinder Kaur,CPI,S,2481,0.15,0.28,FD,901942,1617542
Punjab,Amritsar (GEN),Narinder Kaur,AJPI,U,1097,0.07,0.12,FD,901942,1617542
Punjab,Amritsar (GEN),Sharanjit Kaur,IND,Z,2460,0.15,0.27,FD,901942,1617542
Punjab,Amritsar (GEN),Neelam,IND,Z,409,0.03,0.05,FD,901942,1617542
Punjab,Jalandhar (SC),Sonia,RPPRINAT,U,1055,0.06,0.11,FD,984364,1655868
Punjab,Jalandhar (SC),Rajwant Kaur Khalsa,ASJP,U,952,0.06,0.1,FD,984364,1655868
Punjab,Jalandhar (SC),Paramjit Kaur Teji,IND,Z,500,0.03,0.05,FD,984364,1655868
Punjab,Hoshiarpur (SC),Anita Som Parkash,BJP,N,199994,12.36,21.21,L,942933,1618186
Punjab,Hoshiarpur (SC),Yamini Gomar,INC,N,259748,16.05,27.55,L,942933,1618186
Punjab,Anandpur Sahib (GEN),Sunaina,BRRTD,U,1640,0.09,0.15,FD,1070721,1740606
Punjab,Anandpur Sahib (GEN),Kiran Jain,HSS,U,515,0.03,0.05,FD,1070721,1740606
Punjab,Ludhiana (GEN),Harvinder Kaur,SMJSNGP,U,419,0.02,0.04,FD,1054081,1760756
Punjab,Ludhiana (GEN),Dr. Palwinder Kaur,IND,Z,1768,0.1,0.17,FD,1054081,1760756
Punjab,Fatehgarh Sahib (SC),Kamaljeet Kaur,IND,Z,899,0.06,0.09,FD,965068,1557201
Punjab,Faridkot (SC),Amarjit Kaur Sahoke,INC,N,160357,10.02,15.87,FD,1010312,1599861
Punjab,Faridkot (SC),Kulwant Kaur,SJVP,U,786,0.05,0.08,FD,1010312,1599861
Punjab,Bathinda (GEN),Harsimrat Kaur Badal,SAD,S,376558,22.7,32.85,W,1146237,1659163
Punjab,Bathinda (GEN),Parampal Kaur Sidhu,BJP,N,110762,6.68,9.66,FD,1146237,1659163
Punjab,Bathinda (GEN),Poonam Rani,NATJUP,U,1064,0.06,0.09,FD,1146237,1659163
Punjab,Sangrur (GEN),Harpreet Kaur,INGRP,U,1105,0.07,0.11,FD,1005845,1563808
Punjab,Patiala (GEN),Preneet Kaur,BJP,N,288998,15.95,25.24,L,1145062,1811580
Punjab,Patiala (GEN),Dimple,IND,Z,850,0.05,0.07,FD,1145062,1811580
Punjab,Patiala (GEN),Binder Kaur,IND,Z,711,0.04,0.06,FD,1145062,1811580
Rajasthan,GANGANAGAR (SC),Priyanka Balan Meghwal,BJP,N,638339,30.34,45.58,L,1400399,2103968
Rajasthan,GANGANAGAR (SC),Kulwant Kaur,IPGP,U,4362,0.21,0.31,FD,1400399,2103968
Rajasthan,BIKANER (SC),Ratani Devi,IND,Z,3926,0.19,0.36,FD,1105724,2050748
Rajasthan,CHURU (GEN),Gomati Dharampal Kataria,BRKP(D),U,4961,0.22,0.35,FD,1417989,2222213
Rajasthan,JAIPUR RURAL (GEN),Kahanvi Bohra,IND,Z,1711,0.08,0.14,FD,1254535,2194555
Rajasthan,JAIPUR RURAL (GEN),Neha Singh Gurjar,IND,Z,1407,0.06,0.11,FD,1254535,2194555
Rajasthan,JAIPUR (GEN),Manju Sharma,BJP,N,886850,38.75,61.04,W,1452830,2288793
Rajasthan,BHARATPUR (SC),Anjila Jatav,BSP,N,9508,0.45,0.84,FD,1127557,2124971
Rajasthan,BHARATPUR (SC),Sanjna Jatav,INC,N,579890,27.29,51.43,W,1127557,2124971
Rajasthan,BHARATPUR (SC),Aneeta,IND,Z,5119,0.24,0.45,FD,1127557,2124971
Rajasthan,KARAULI-DHOLPUR (SC),Indu Devi,BJP,N,431066,21.77,43.96,L,980662,1980182
Rajasthan,AJMER (GEN),Prem Lata,IND,Z,1155,0.06,0.1,FD,1189777,1999399
Rajasthan,NAGAUR (GEN),Jyoti Mirdha,BJP,N,554730,25.74,45.11,L,1229702,2155502
Rajasthan,PALI (GEN),Sangeeta Beniwal,INC,N,512038,21.8,38.21,L,1339989,2348274
Rajasthan,JODHPUR (GEN),Manju Meghwal,BSP,N,6395,0.3,0.47,FD,1373247,2138241
Rajasthan,JODHPUR (GEN),Shahnaz Bano,DKD,U,547,0.03,0.04,FD,1373247,2138241
Rajasthan,UDAIPUR (ST),Dr. Savita Kumari Ahari,IND,Z,8162,0.37,0.55,FD,1475428,2231240
Rajasthan,RAJSAMAND (GEN),Mahima Kumari Mewar,BJP,N,781203,37.84,65.06,W,1200719,2064478
Rajasthan,JHALAWAR-BARAN (GEN),Urmila Jain “Bhaya”,INC,N,494387,24.34,35.18,L,1405304,2030974
Sikkim,Sikkim (GEN),Beena Rai,IND,Z,1125,0.24,0.29,FD,382366,466643
Tamil Nadu,TIRUVALLUR (SC),"Tamizhmadhi, D.",BSP,N,13810,0.66,0.99,FD,1398834,2086686
Tamil Nadu,TIRUVALLUR (SC),Malathi,NADLMMKLK,U,2853,0.14,0.2,FD,1398834,2086686
Tamil Nadu,CHENNAI NORTH (GEN),Amudini,NTK,U,95954,6.41,10.79,FD,889281,1496459
Tamil Nadu,CHENNAI NORTH (GEN),P. Umadevi,IND,Z,346,0.02,0.04,FD,889281,1496459
Tamil Nadu,CHENNAI NORTH (GEN),Sarah Fathima,IND,Z,5923,0.4,0.67,FD,889281,1496459
Tamil Nadu,CHENNAI SOUTH (GEN),T.Sumathy (Alias) Thamizhachi Thangapandian,DMK,S,516628,25.53,47.67,W,1083668,2023381
Tamil Nadu,CHENNAI SOUTH (GEN),Dr.Tamilisai Soundararajan,BJP,N,290683,14.37,26.82,L,1083668,2023381
Tamil Nadu,CHENNAI SOUTH (GEN),R.Kanchana,MMKA,U,566,0.03,0.05,FD,1083668,2023381
Tamil Nadu,CHENNAI SOUTH (GEN),Sasi Rekha,NADLMMKLK,U,559,0.03,0.05,FD,1083668,2023381
Tamil Nadu,CHENNAI SOUTH (GEN),S.Tamilchelvi,NTK,U,83972,4.15,7.75,FD,1083668,2023381
Tamil Nadu,SRIPERUMBUDUR (GEN),V Sudhavalli,AVRMK,U,3694,0.16,0.26,FD,1414485,2382578
Tamil Nadu,KANCHEEPURAM (SC),Jothi. V,PMK,U,164931,9.43,13.27,FD,1242613,1749192
Tamil Nadu,KANCHEEPURAM (SC),Surya. A,IND,Z,1702,0.1,0.14,FD,1242613,1749192
Tamil Nadu,ARAKKONAM (GEN),S Afshia Nasrin,NTK,U,98944,6.31,8.59,FD,1151209,1568140
Tamil Nadu,ARAKKONAM (GEN),Indu W,TMMDK,U,1938,0.12,0.17,FD,1151209,1568140
Tamil Nadu,KRISHNAGIRI (GEN),Vidhya Rani,NTK,U,107083,6.58,9.27,FD,1155174,1627851
Tamil Nadu,KRISHNAGIRI (GEN),Rajeshwari B.H.,IND,Z,799,0.05,0.07,FD,1155174,1627851
Tamil Nadu,DHARMAPURI (GEN),Abinaya,NTK,U,65381,4.28,5.28,FD,1238634,1526799
Tamil Nadu,DHARMAPURI (GEN),Elayarani. P.,GPI,U,2315,0.15,0.19,FD,1238634,1526799
Tamil Nadu,DHARMAPURI (GEN),Sowmiya Anbumani,PMK,U,411367,26.94,33.21,L,1238634,1526799
Tamil Nadu,DHARMAPURI (GEN),Sowmiya,IND,Z,3028,0.2,0.24,FD,1238634,1526799
Tamil Nadu,TIRUVANNAMALAI (GEN),Deepammal Sundari,IND,Z,259,0.02,0.02,FD,1134316,1536993
Tamil Nadu,TIRUVANNAMALAI (GEN),"Poongody, A.",IND,Z,417,0.03,0.04,FD,1134316,1536993
Tamil Nadu,ARANI (GEN),"Bakiyalakshmi, K.",NTK,U,66740,4.45,5.9,FD,1131073,1499659
Tamil Nadu,KALLAKURICHI (GEN),Palaniyammal S,DMSK,U,548,0.03,0.04,FD,1241036,1569097
Tamil Nadu,NAMAKKAL (GEN),Kanimozhi G,NTK,U,95577,6.58,8.43,FD,1133319,1452952
Tamil Nadu,NAMAKKAL (GEN),Vennila S,IND,Z,528,0.04,0.05,FD,1133319,1452952
Tamil Nadu,ERODE (GEN),Dhanalakshmi.V,NADLMMKLK,U,679,0.04,0.06,FD,1079440,1538960
Tamil Nadu,ERODE (GEN),S.Ananthi,IND,Z,1686,0.11,0.16,FD,1079440,1538960
Tamil Nadu,ERODE (GEN),Keerthana.M,IND,Z,3799,0.25,0.35,FD,1079440,1538960
Tamil Nadu,TIRUPPUR (GEN),"Seethalakshmi, M.K.",NTK,U,95726,5.95,8.51,FD,1124812,1608720
Tamil Nadu,TIRUPPUR (GEN),"Malarvizhi, G.",RSPS,U,1325,0.08,0.12,FD,1124812,1608720
Tamil Nadu,NILGIRIS (SC),Jayanthi M,APoI,U,1556,0.11,0.15,FD,1005906,1428889
Tamil Nadu,COIMBATORE (GEN),Kalamani Jaganathan,NTK,U,82657,3.92,6.07,FD,1361045,2106500
Tamil Nadu,COIMBATORE (GEN),Sangeetha R,NADLMMKLK,U,492,0.02,0.04,FD,1361045,2106500
Tamil Nadu,DINDIGUL (GEN),Thilgabama M,PMK,U,112503,6.99,9.98,FD,1127501,1608624
Tamil Nadu,KARUR (GEN),Jothimani. S,INC,N,534906,37.39,47.6,W,1123770,1430499
Tamil Nadu,KARUR (GEN),Umadevi. S,IND,Z,453,0.03,0.04,FD,1123770,1430499
Tamil Nadu,KARUR (GEN),Kosamalar. P,IND,Z,644,0.05,0.06,FD,1123770,1430499
Tamil Nadu,KARUR (GEN),Sowmiya. R,IND,Z,310,0.02,0.03,FD,1123770,1430499
Tamil Nadu,KARUR (GEN),Daniya. P,IND,Z,165,0.01,0.01,FD,1123770,1430499
Tamil Nadu,KARUR (GEN),Banumathy. S,IND,Z,496,0.03,0.04,FD,1123770,1430499
Tamil Nadu,KARUR (GEN),Jothimani. S,IND,Z,780,0.05,0.07,FD,1123770,1430499
Tamil Nadu,TIRUCHIRAPPALLI (GEN),Roja Ramani. S,AMGRDMK,U,777,0.05,0.07,FD,1042115,1554620
Tamil Nadu,TIRUCHIRAPPALLI (GEN),Akila. M,IND,Z,747,0.05,0.07,FD,1042115,1554620
Tamil Nadu,TIRUCHIRAPPALLI (GEN),Kavitha. S,IND,Z,1736,0.11,0.17,FD,1042115,1554620
Tamil Nadu,PERAMBALUR (GEN),Thenmozhi R,NTK,U,113092,7.81,10.11,FD,1118904,1447197
Tamil Nadu,CUDDALORE (GEN),R. Anandhi,IND,Z,1696,0.12,0.17,FD,1024271,1413170
Tamil Nadu,CHIDAMBARAM (SC),Karthiyayini P,BJP,N,168493,11.08,14.55,FD,1158310,1520970
Tamil Nadu,CHIDAMBARAM (SC),Jancirani R,NTK,U,65589,4.31,5.66,FD,1158310,1520970
Tamil Nadu,CHIDAMBARAM (SC),Ratha G,IND,Z,1280,0.08,0.11,FD,1158310,1520970
Tamil Nadu,MAYILADUTHURAI (GEN),Sudha R,INC,N,518459,33.53,48.05,W,1079013,1546075
Tamil Nadu,MAYILADUTHURAI (GEN),Kaliyammal P,NTK,U,127642,8.26,11.83,FD,1079013,1546075
Tamil Nadu,NAGAPATTINAM (SC),Karthika M,NTK,U,131294,9.76,13.62,FD,964093,1345708
Tamil Nadu,SIVAGANGA (GEN),Ezhilarasi,NTK,U,163412,9.99,15.63,FD,1045230,1635655
Tamil Nadu,SIVAGANGA (GEN),Dhanalakshmi M,IND,Z,8512,0.52,0.81,FD,1045230,1635655
Tamil Nadu,MADURAI (GEN),Sathyadevi T,NTK,U,92879,5.87,9.52,FD,975795,1583250
Tamil Nadu,THENI (GEN),Jeeva M,BSP,N,2222,0.14,0.2,FD,1129883,1630328
Tamil Nadu,THENI (GEN),Prema S,IND,Z,1232,0.08,0.11,FD,1129883,1630328
Tamil Nadu,THENI (GEN),Revathi K,IND,Z,1128,0.07,0.1,FD,1129883,1630328
Tamil Nadu,VIRUDHUNAGAR (GEN),Radikaa R,BJP,N,166271,11.04,15.8,FD,1052493,1505927
Tamil Nadu,VIRUDHUNAGAR (GEN),Selvi K,IND,Z,2188,0.15,0.21,FD,1052493,1505927
Tamil Nadu,VIRUDHUNAGAR (GEN),Pandiyammal R,IND,Z,2133,0.14,0.2,FD,1052493,1505927
Tamil Nadu,VIRUDHUNAGAR (GEN),Marieeswari M,IND,Z,1110,0.07,0.11,FD,1052493,1505927
Tamil Nadu,RAMANATHAPURAM (GEN),Dr Chandra Prabha Jeyapal,NTK,U,97672,6.03,8.85,FD,1103558,1619761
Tamil Nadu,RAMANATHAPURAM (GEN),Panchavarnam V,IND,Z,2572,0.16,0.23,FD,1103558,1619761
Tamil Nadu,THOOTHUKKUDI (GEN),Kanimozhi Karunanidhi,DMK,S,540729,37.01,55.82,W,968720,1461182
Tamil Nadu,THOOTHUKKUDI (GEN),Rowena Ruth Jane J,NTK,U,120300,8.23,12.42,FD,968720,1461182
Tamil Nadu,THOOTHUKKUDI (GEN),Arunadevi R,IND,Z,6072,0.42,0.63,FD,968720,1461182
Tamil Nadu,TENKASI (SC),Dr Rani Srikumar,DMK,S,425679,27.84,41.65,W,1021954,1529130
Tamil Nadu,TENKASI (SC),M Umamaheswari,DMSK,U,1655,0.11,0.16,FD,1021954,1529130
Tamil Nadu,TENKASI (SC),A Seetha,BHUDRP,U,2476,0.16,0.24,FD,1021954,1529130
Tamil Nadu,TENKASI (SC),Karpagavalli P,IND,Z,6314,0.41,0.62,FD,1021954,1529130
Tamil Nadu,TIRUNELVELI (GEN),Jansi Rani M,ADMK,S,89601,5.41,8.45,FD,1060052,1656265
Tamil Nadu,TIRUNELVELI (GEN),Sathya,NTK,U,87686,5.29,8.27,FD,1060052,1656265
Tamil Nadu,KANNIYAKUMARI (GEN),Geeta M,TK,U,552,0.04,0.05,FD,1025299,1566048
Tamil Nadu,KANNIYAKUMARI (GEN),Maria Jennifer Clara Michael,NTK,U,52721,3.37,5.14,FD,1025299,1566048
Tripura,Tripura East (ST),Kriti Devi Debbarman,BJP,N,777447,55.47,69.66,W,1116042,1401443
Tripura,Tripura East (ST),Archana Urang,IND,Z,10922,0.78,0.98,FD,1116042,1401443
Uttar Pradesh,Saharanpur (GEN),Tasmeem Bano,IND,Z,885,0.05,0.07,FD,1224889,1857816
Uttar Pradesh,Saharanpur (GEN),Shabnam,IND,Z,2373,0.13,0.19,FD,1224889,1857816
Uttar Pradesh,Kairana (GEN),Iqra Choudhary,SP,S,528013,30.56,49.05,W,1076557,1727579
Uttar Pradesh,Kairana (GEN),Priti Kashyap,RMEP,U,791,0.05,0.07,FD,1076557,1727579
Uttar Pradesh,Muzaffarnagar (GEN),Kavita,RSTJLKPS,U,2000,0.11,0.19,FD,1074753,1823717
Uttar Pradesh,Moradabad (GEN),Ruchi Vira,SP,S,637363,30.9,49.9,W,1277361,2062642
Uttar Pradesh,Moradabad (GEN),Sadhna Singh,IND,Z,2296,0.11,0.18,FD,1277361,2062642
Uttar Pradesh,Meerut (GEN),Sunita Verma,SP,S,535884,26.72,45.5,L,1177703,2005669
Uttar Pradesh,Baghpat (GEN),Ruby Kashyap,svjn,U,3280,0.2,0.35,FD,928663,1665208
Uttar Pradesh,Ghaziabad (GEN),Dolly Sharma,INC,N,517205,17.54,35.37,L,1462219,2948720
Uttar Pradesh,Ghaziabad (GEN),Pooja Saxena,RTORP,U,878,0.03,0.06,FD,1462219,2948720
Uttar Pradesh,Ghaziabad (GEN),Kavita,IND,Z,775,0.03,0.05,FD,1462219,2948720
Uttar Pradesh,Gautam Buddha Nagar (GEN),Km. Shalu,LOKJANP,U,1050,0.04,0.07,FD,1426920,2681482
Uttar Pradesh,Bulandshahr (SC),Sonam Bharti,IND,Z,3600,0.19,0.34,FD,1047474,1867981
Uttar Pradesh,Mathura (GEN),Hemamalini Dharmendra Deol,BJP,N,510064,26.3,53.55,W,952483,1939130
Uttar Pradesh,Mathura (GEN),Dr. Rashmi Yadav,IND,Z,1189,0.06,0.12,FD,952483,1939130
Uttar Pradesh,Mathura (GEN),Shikha Sharma,IND,Z,2251,0.12,0.24,FD,952483,1939130
Uttar Pradesh,Agra (SC),Pooja Amrohi,BSP,N,176474,8.5,15.8,FD,1116765,2075821
Uttar Pradesh,Agra (SC),Pooja,IND,Z,1370,0.07,0.12,FD,1116765,2075821
Uttar Pradesh,Fatehpur Sikri (GEN),Sangeeta Tomar,BMJP,U,1433,0.08,0.14,FD,1026362,1807314
Uttar Pradesh,Mainpuri (GEN),Dimple Yadav,SP,S,598526,33.29,57.03,W,1049429,1798051
Uttar Pradesh,Mainpuri (GEN),Manju Pal,BSCP,U,1171,0.07,0.11,FD,1049429,1798051
Uttar Pradesh,Badaun (GEN),Nilam Rani Pal,RSOSP,U,2438,0.12,0.23,FD,1083202,2010304
Uttar Pradesh,Badaun (GEN),Lata Yadav,IND,Z,2578,0.13,0.24,FD,1083202,2010304
Uttar Pradesh,Bareilly (GEN),Aysha Bi,IND,Z,559,0.03,0.05,FD,1113298,1926167
Uttar Pradesh,Shahjahanpur (SC),Jyotsna Gond,SP,S,537339,23.03,43.35,L,1239412,2333143
Uttar Pradesh,Shahjahanpur (SC),Meena Kasyap,IND,Z,2061,0.09,0.17,FD,1239412,2333143
Uttar Pradesh,Kheri (GEN),Km. Panchsheela Anand,UPRP,U,854,0.05,0.07,FD,1205428,1871224
Uttar Pradesh,Kheri (GEN),Sandhya Jaiswal,PSJP,U,3096,0.17,0.26,FD,1205428,1871224
Uttar Pradesh,Dhaurahra (GEN),Rekha Verma,BJP,N,439294,25.54,39.77,L,1104703,1719979
Uttar Pradesh,Sitapur (GEN),Vidyawati Gautam,IND,Z,4194,0.24,0.38,FD,1095057,1760367
Uttar Pradesh,Hardoi (SC),Usha Verma,SP,S,458942,24.01,42.05,L,1091302,1911779
Uttar Pradesh,Misrikh (SC),Sangita Rajvanshi,SP,S,441610,23.49,42.3,L,1043954,1879798
Uttar Pradesh,Misrikh (SC),Vandna Verma,NNRP,U,1912,0.1,0.18,FD,1043954,1879798
Uttar Pradesh,Misrikh (SC),Savitri Devi,RASTSA,U,1350,0.07,0.13,FD,1043954,1879798
Uttar Pradesh,Misrikh (SC),Neelam Singh,IND,Z,2905,0.15,0.28,FD,1043954,1879798
Uttar Pradesh,Unnao (GEN),Annu Tandon,SP,S,580315,24.75,44.89,L,1292818,2344843
Uttar Pradesh,Mohanlalganj (SC),Sunita Chheda Pasi,AJPI,U,1749,0.08,0.13,FD,1368586,2189866
Uttar Pradesh,Amethi (GEN),Smriti Irani,BJP,N,372032,20.68,38.3,L,971288,1798715
Uttar Pradesh,Amethi (GEN),Chandrawati,IND,Z,2291,0.13,0.24,FD,971288,1798715
Uttar Pradesh,Sultanpur (GEN),Maneka Sanjay Gandhi,BJP,N,401156,21.62,39.14,L,1024874,1855602
Uttar Pradesh,Pratapgarh (GEN),Geeta Devi,BLRP,U,1594,0.09,0.17,FD,944397,1836748
Uttar Pradesh,Etawah (SC),Sarika Singh Baghel,BSP,N,96541,5.26,9.4,FD,1027518,1834489
Uttar Pradesh,Etawah (SC),Bhuvnesh Kumari,SMKP,U,1657,0.09,0.16,FD,1027518,1834489
Uttar Pradesh,Kannauj (GEN),Lalit Kumari,IND,Z,3267,0.16,0.27,FD,1213015,1993616
Uttar Pradesh,Jalaun (SC),Premlata Verma,IND,Z,3200,0.16,0.29,FD,1117795,2010583
Uttar Pradesh,Banda (GEN),Krishna Devi Shivshanker Patel,SP,S,406567,23.25,39.44,W,1030897,1749034
Uttar Pradesh,Fatehpur (GEN),Niranjan Jyoti,BJP,N,467129,24.05,42.51,L,1098824,1942597
Uttar Pradesh,Phulpur (GEN),Mahima Patel,APNDLK,U,4162,0.2,0.41,FD,1009357,2071536
Uttar Pradesh,Phulpur (GEN),Sangeeta Yadav,SBSPSP,U,1290,0.06,0.13,FD,1009357,2071536
Uttar Pradesh,Allahabad (GEN),Geeta Rani Sharma,IND,Z,2197,0.12,0.23,FD,937048,1828159
Uttar Pradesh,Barabanki (SC),Rajrani Rawat,BJP,N,504223,26.27,39.32,L,1282413,1919282
Uttar Pradesh,Barabanki (SC),Asha Devi,SWNTRABYKT,U,2020,0.11,0.16,FD,1282413,1919282
Uttar Pradesh,Barabanki (SC),Mithalesh Kumari,IND,Z,2321,0.12,0.18,FD,1282413,1919282
Uttar Pradesh,Faizabad (GEN),Kanchan Yadav,MADP,U,2666,0.14,0.24,FD,1133125,1929399
Uttar Pradesh,Ambedkar Nagar (GEN),Neelam Singh,MOSP,U,4331,0.23,0.37,FD,1169614,1913756
Uttar Pradesh,Ambedkar Nagar (GEN),Shabana Khatoon,PECP,U,3990,0.21,0.34,FD,1169614,1913756
Uttar Pradesh,Baharaich (SC),Rinku Sahani,RDD,U,1683,0.09,0.16,FD,1043702,1839281
Uttar Pradesh,Kaiserganj (GEN),Arunima Pandey,IND,Z,9250,0.49,0.88,FD,1047212,1906032
Uttar Pradesh,Shrawasti (GEN),Kumari Geeta Gautam,RtrJP,U,1319,0.07,0.13,FD,1036656,1980743
Uttar Pradesh,Shrawasti (GEN),Shanti Devi,IND,Z,4011,0.2,0.39,FD,1036656,1980743
Uttar Pradesh,Gonda (GEN),Shreya Verma,SP,S,428034,23.21,45.35,L,943829,1843873
Uttar Pradesh,Gonda (GEN),Arunima Pandey,IND,Z,3073,0.17,0.33,FD,943829,1843873
Uttar Pradesh,Domariyaganj (GEN),Kiran Devi,IND,Z,3261,0.17,0.32,FD,1009518,1962205
Uttar Pradesh,Gorakhpur (GEN),Kajal Nishad,SP,S,482308,22.95,42.06,L,1146732,2101746
Uttar Pradesh,Gorakhpur (GEN),Amita Bharati,IND,Z,1364,0.06,0.12,FD,1146732,2101746
Uttar Pradesh,Lalganj (SC),Indu Chaudhri,BSP,N,210053,11.41,21.08,L,996344,1841110
Uttar Pradesh,Lalganj (SC),Neelam Sonker,BJP,N,324936,17.65,32.61,L,996344,1841110
Uttar Pradesh,Lalganj (SC),Sushmita Saroj,IND,Z,2626,0.14,0.26,FD,996344,1841110
Uttar Pradesh,Ghosi (GEN),Roli Gupta,ABHSP,U,4225,0.2,0.37,FD,1147072,2090637
Uttar Pradesh,Ghosi (GEN),Lilawati Rajbhar,MOSP,U,47527,2.27,4.14,FD,1147072,2090637
Uttar Pradesh,Ghosi (GEN),Jyotirma Pathak,IND,Z,1204,0.06,0.1,FD,1147072,2090637
Uttar Pradesh,Ballia (GEN),Ranjana,IND,Z,1878,0.1,0.19,FD,999135,1936995
Uttar Pradesh,Jaunpur (GEN),Nisha Patel,SRPSP,U,1128,0.06,0.1,FD,1095459,1979004
Uttar Pradesh,Machhlishahr (SC),Priya Saroj,SP,S,451292,23.22,42.95,W,1050760,1943763
Uttar Pradesh,Machhlishahr (SC),Urmila,SaPP,U,5303,0.27,0.5,FD,1050760,1943763
Uttar Pradesh,Ghazipur (GEN),Nusrat Ansari,IND,Z,4616,0.22,0.4,FD,1144029,2088636
Uttar Pradesh,Mirzapur (GEN),Anupriya Patel,ADAL,S,471631,24.7,43.25,W,1090356,1909448
Uttar Pradesh,Robertsganj (SC),Rinki Singh,ADAL,S,336614,18.9,33.98,L,990513,1780728
Uttar Pradesh,Robertsganj (SC),Subhagi,JNSNKP,U,8194,0.46,0.83,FD,990513,1780728
West Bengal,Coochbehar (SC),Piya Roy Chowdhury,INC,N,10679,0.54,0.66,FD,1607485,1970743
West Bengal,Alipurduars (ST),Babita Bara,GNASURKP,U,1552,0.09,0.11,FD,1400091,1778463
West Bengal,Alipurduars (ST),Mili Oraon,RSP,S,39709,2.23,2.84,FD,1400091,1778463
West Bengal,Jalpaiguri (SC),Shipra Ray Hakim,IND,Z,9907,0.52,0.63,FD,1561541,1889840
West Bengal,Darjeeling (GEN),Atasi Biswas,KMSP,U,4641,0.26,0.35,FD,1309391,1776898
West Bengal,Darjeeling (GEN),Bandana Rai,IND,Z,13674,0.77,1.04,FD,1309391,1776898
West Bengal,Raiganj (GEN),Al Monowara Begam,INDMP,U,982,0.05,0.07,FD,1366531,1791574
West Bengal,Maldaha Uttar (GEN),Monju Hembrom,IND,Z,3538,0.19,0.25,FD,1410301,1864285
West Bengal,Maldaha Dakshin (GEN),Sreerupa Mitra Chaudhury (Nirbhaya Didi),BJP,N,444027,24.88,32.48,L,1366992,1784407
West Bengal,Maldaha Dakshin (GEN),Susmita Dey Karjee,BLRP,U,3535,0.2,0.26,FD,1366992,1784407
West Bengal,Baharampur (GEN),Runa Laila,SDPI,U,1571,0.09,0.11,FD,1377285,1789424
West Bengal,Krishnanagar (GEN),Amrita Roy,BJP,N,572084,32.46,40.32,L,1418901,1762599
West Bengal,Krishnanagar (GEN),Mahua Moitra,AITC,S,628789,35.67,44.32,W,1418901,1762599
West Bengal,Krishnanagar (GEN),Afroja Khatun Mondal,AISF,U,4298,0.24,0.3,FD,1418901,1762599
West Bengal,Krishnanagar (GEN),Ismat Ara Mondal,SUCI,U,3622,0.21,0.26,FD,1418901,1762599
West Bengal,Bangaon (SC),Pranita Mandal,IND,Z,2411,0.13,0.16,FD,1486423,1841292
West Bengal,Bangaon (SC),Sujata Bairagi,IND,Z,9653,0.52,0.65,FD,1486423,1841292
West Bengal,Bangaon (SC),Sumita Poddar,IND,Z,2354,0.13,0.16,FD,1486423,1841292
West Bengal,Barrackpur (GEN),Chapala Ray (Majumder),BSP,N,3909,0.26,0.35,FD,1130778,1512101
West Bengal,Barrackpur (GEN),Sharmistha Das,IND,Z,3634,0.24,0.32,FD,1130778,1512101
West Bengal,Dum dum (GEN),Manika Mukherjee,BNARP,U,1237,0.07,0.1,FD,1248712,1700882
West Bengal,Dum dum (GEN),Gouri Biswas,IND,Z,701,0.04,0.06,FD,1248712,1700882
West Bengal,Barasat (GEN),Dr. Kakoli Ghosh Dastidar,AITC,S,692010,36.28,45.69,W,1514709,1907604
West Bengal,Barasat (GEN),Smritikana Haoladar,BSP,N,5787,0.3,0.38,FD,1514709,1907604
West Bengal,Barasat (GEN),Sefali Dey,BNARP,U,2252,0.12,0.15,FD,1514709,1907604
West Bengal,Basirhat (GEN),Rekha Patra,BJP,N,470215,26.04,30.97,L,1518153,1805874
West Bengal,Basirhat (GEN),Priyama Das,IND,Z,6620,0.37,0.44,FD,1518153,1805874
West Bengal,Jaynagar (SC),Pratima Mondal,AITC,S,894312,48.46,60.72,W,1472843,1845363
West Bengal,Jaynagar (SC),Pratima Mondal,IND,Z,2079,0.11,0.14,FD,1472843,1845363
West Bengal,Jadavpur (GEN),Sayani Ghosh,AITC,S,717899,35.29,46.05,W,1559094,2034251
West Bengal,Jadavpur (GEN),Kalpana Naskar Datta,SUCI,U,4451,0.22,0.29,FD,1559094,2034251
West Bengal,Jadavpur (GEN),Tanushree Mondal,IND,Z,2427,0.12,0.16,FD,1559094,2034251
West Bengal,Jadavpur (GEN),Purnima Debnath,IND,Z,1325,0.07,0.08,FD,1559094,2034251
West Bengal,Kolkata Dakshin (GEN),Debasree Chaudhuri,BJP,N,428043,23.14,34.6,L,1237054,1850115
West Bengal,Kolkata Dakshin (GEN),Firoza Khatun,BSP,N,3975,0.21,0.32,FD,1237054,1850115
West Bengal,Kolkata Dakshin (GEN),Mala Roy,AITC,S,615274,33.26,49.74,W,1237054,1850115
West Bengal,Kolkata Dakshin (GEN),Saira Shah Halim,CPI(M),N,168531,9.11,13.62,FD,1237054,1850115
West Bengal,Kolkata Dakshin (GEN),Yasmin Islam,SDPI,U,985,0.05,0.08,FD,1237054,1850115
West Bengal,Kolkata Dakshin (GEN),Mumtaz Ali,IND,Z,1969,0.11,0.16,FD,1237054,1850115
West Bengal,Kolkata Dakshin (GEN),Sanjana Ram,IND,Z,1056,0.06,0.09,FD,1237054,1850115
West Bengal,Kolkata Uttar (GEN),Smt. Rinku Gupta,PPOI,U,659,0.04,0.07,FD,948389,1505686
West Bengal,Kolkata Uttar (GEN),Sampa Guha,BNARP,U,916,0.06,0.1,FD,948389,1505686
West Bengal,Kolkata Uttar (GEN),Pranati Paul,IND,Z,2272,0.15,0.24,FD,948389,1505686
West Bengal,Howrah (GEN),Shampa Das,BNARP,U,2065,0.12,0.16,FD,1261712,1769973
West Bengal,Uluberia (GEN),Sajda Ahmed,AITC,S,724622,41.59,52.53,W,1379476,1742388
West Bengal,Sreerampur (GEN),Dipsita Dhar,CPI(M),N,239146,12.4,16.36,FD,1461498,1928256
West Bengal,Sreerampur (GEN),Supriya Biswas,BSP,N,3589,0.19,0.25,FD,1461498,1928256
West Bengal,Hooghly (GEN),Rachna Banerjee,AITC,S,702744,37.78,46.72,W,1504159,1860103
West Bengal,Hooghly (GEN),Locket Chatterjee,BJP,N,625891,33.65,41.61,L,1504159,1860103
West Bengal,Hooghly (GEN),Ajanta Sarkar,BNJD,U,3639,0.2,0.24,FD,1504159,1860103
West Bengal,Hooghly (GEN),Sanchita Bera,IND,Z,2649,0.14,0.18,FD,1504159,1860103
West Bengal,Arambag (SC),Bag Mitali,AITC,S,712587,37.8,46.24,W,1541048,1885001
West Bengal,Tamluk (GEN),Sabitri Bishai,BSP,N,3754,0.2,0.24,FD,1569054,1853363
West Bengal,Kanthi (GEN),Urbasi Banerjee,INC,N,31122,1.73,2.04,FD,1522863,1797658
West Bengal,Jhargram (ST),Sonamani Tudu,CPI(M),N,77302,4.34,5.24,FD,1474923,1782435
West Bengal,Medinipur (GEN),Agnimitra Paul,BJP,N,675001,37.23,45.95,L,1469139,1813205
West Bengal,Medinipur (GEN),June Maliah,AITC,S,702192,38.73,47.8,W,1469139,1813205
West Bengal,Medinipur (GEN),Anindita Jana,SUCI,U,9791,0.54,0.67,FD,1469139,1813205
West Bengal,Purulia (GEN),Susmita Mahato,SUCI,U,6109,0.33,0.43,FD,1416089,1825625
West Bengal,Bankura (GEN),Dipa Bouri,BSP,N,8796,0.49,0.62,FD,1421465,1785138
West Bengal,Bishnupur (SC),Sujata Mondal,AITC,S,674563,38.36,45.13,L,1494740,1758481
West Bengal,Bardhaman Purba (SC),Dr. Sharmila Sarkar,AITC,S,720302,39.94,48.52,W,1484613,1803240
West Bengal,Bardhaman Purba (SC),Sharmila Sarkar,IND,Z,4893,0.27,0.33,FD,1484613,1803240
West Bengal,Bardhaman-Durgapur (GEN),Reena Leong,IND,Z,3111,0.17,0.21,FD,1480178,1853336
West Bengal,Asansol (GEN),Jahanara Khan,CPI(M),N,105964,5.98,8.24,FD,1286030,1771875
West Bengal,Asansol (GEN),Dipika Bauri,IND,Z,10647,0.6,0.83,FD,1286030,1771875
West Bengal,Bolpur (SC),Piya Saha,BJP,N,528380,28.68,35.07,L,1506748,1842192
West Bengal,Bolpur (SC),Shyamali Pradhan,CPI(M),N,99383,5.39,6.6,FD,1506748,1842192
West Bengal,Birbhum (GEN),Satabdi Roy,AITC,S,717961,38.61,47.44,W,1513339,1859447
West Bengal,Birbhum (GEN),Ayesha Khatun,SUCI,U,6779,0.36,0.45,FD,1513339,1859447
West Bengal,Birbhum (GEN),Dola Sarkar,INSAF,U,2033,0.11,0.13,FD,1513339,1859447
West Bengal,Birbhum (GEN),Lakshmi Hembrom,APoI,U,7687,0.41,0.51,FD,1513339,1859447
Chhattisgarh,SURGUJA (ST),Shashi Singh Koram,INC,N,648378,35.61,45.43,L,1427148,1820880
Chhattisgarh,SURGUJA (ST),Kanta Minj,AKBRPRVP,U,4016,0.22,0.28,FD,1427148,1820880
Chhattisgarh,SURGUJA (ST),Urmila Singh,IND,Z,5784,0.32,0.41,FD,1427148,1820880
Chhattisgarh,RAIGARH (ST),Dr. Menka Devi Singh,INC,N,567884,30.85,39.49,L,1437943,1840847
Chhattisgarh,RAIGARH (ST),Pooja Sidar,IND,Z,4167,0.23,0.29,FD,1437943,1840847
Chhattisgarh,JANJGIR-CHAMPA (SC),Kamlesh Jangde,BJP,N,678199,32.95,48.89,W,1387103,2058260
Chhattisgarh,JANJGIR-CHAMPA (SC),Brinda Chauhan,cvgrp,U,924,0.04,0.07,FD,1387103,2058260
Chhattisgarh,JANJGIR-CHAMPA (SC),Vijaylaxmi Suryawanshi Nat,ASSP,U,1422,0.07,0.1,FD,1387103,2058260
Chhattisgarh,JANJGIR-CHAMPA (SC),Mina Chauhan,IND,Z,2931,0.14,0.21,FD,1387103,2058260
Chhattisgarh,JANJGIR-CHAMPA (SC),Vidya Devi Soni,IND,Z,4881,0.24,0.35,FD,1387103,2058260
Chhattisgarh,JANJGIR-CHAMPA (SC),Sima Mahilange,IND,Z,1336,0.06,0.1,FD,1387103,2058260
Chhattisgarh,KORBA (GEN),Jyotsna Charandas Mahant,INC,N,570182,35.2,46.77,W,1219216,1620051
Chhattisgarh,KORBA (GEN),Saroj Pandey,BJP,N,526899,32.52,43.22,L,1219216,1620051
Chhattisgarh,KORBA (GEN),Priyanka Patel,RPI(A),U,1204,0.07,0.1,FD,1219216,1620051
Chhattisgarh,KORBA (GEN),Rekha Tiwari,cvgrp,U,1294,0.08,0.11,FD,1219216,1620051
Chhattisgarh,KORBA (GEN),Kaushalya Bai Porte,IND,Z,3632,0.22,0.3,FD,1219216,1620051
Chhattisgarh,KORBA (GEN),Shanti Bai Maravi,IND,Z,861,0.05,0.07,FD,1219216,1620051
Chhattisgarh,BILASPUR (GEN),Deepmala Chouhan,cvgrp,U,565,0.03,0.04,FD,1358501,2103937
Chhattisgarh,RAJNANDGAON (GEN),Lalita Kanwar,HMR,U,2149,0.11,0.15,FD,1436212,1869229
Chhattisgarh,RAJNANDGAON (GEN),Triveni Padoti,IND,Z,1613,0.09,0.11,FD,1436212,1869229
Chhattisgarh,DURG (GEN),Dr. Anju Keme,ESBD,U,5241,0.25,0.34,FD,1537170,2092551
Chhattisgarh,DURG (GEN),Pushpa Mairisha,APoI,U,1561,0.07,0.1,FD,1537170,2092551
Chhattisgarh,DURG (GEN),Savita Shailendra Banjare,SSBD,U,1396,0.07,0.09,FD,1537170,2092551
Chhattisgarh,RAIPUR (GEN),Mamta Rani Sahu,BSP,N,9299,0.39,0.59,FD,1582307,2376030
Chhattisgarh,RAIPUR (GEN),Savita Shailendra Banjare,SSBD,U,8768,0.37,0.55,FD,1582307,2376030
Chhattisgarh,RAIPUR (GEN),Nuri Khan,IND,Z,252,0.01,0.02,FD,1582307,2376030
Chhattisgarh,RAIPUR (GEN),Nandni Nayak,IND,Z,337,0.01,0.02,FD,1582307,2376030
Chhattisgarh,RAIPUR (GEN),Radheshwari Gaikwad,IND,Z,4630,0.19,0.29,FD,1582307,2376030
Chhattisgarh,MAHASAMUND (GEN),Roop Kumari Choudhary,BJP,N,703659,39.9,53.22,W,1322240,1763698
Jharkhand,Rajmahal (ST),Mariyam Marandi,BSP,N,8259,0.48,0.69,FD,1200032,1705708
Jharkhand,Rajmahal (ST),Lili Hansda,SAP,U,2689,0.16,0.22,FD,1200032,1705708
Jharkhand,Rajmahal (ST),Dipa Tudu,IND,Z,6856,0.4,0.57,FD,1200032,1705708
Jharkhand,Dumka (ST),Sita Murmu,BJP,N,524843,32.96,44.49,L,1179606,1592192
Jharkhand,Dumka (ST),Munni Hansda,SAP,U,1758,0.11,0.15,FD,1179606,1592192
Jharkhand,Dumka (ST),Babylata Tudu,IND,Z,19360,1.22,1.64,FD,1179606,1592192
Jharkhand,Dumka (ST),Sushanti Hembrom,IND,Z,5152,0.32,0.44,FD,1179606,1592192
Jharkhand,Godda (GEN),Kumari Dileshwari,APoI,U,6581,0.32,0.47,FD,1393843,2030444
Jharkhand,Kodarma (GEN),Annpurna Devi,BJP,N,791657,35.86,59.62,W,1327812,2207845
Jharkhand,Giridih (GEN),Usha Singh,IND,Z,3761,0.2,0.3,FD,1258789,1866763
Jharkhand,Giridih (GEN),Kalawati Devi,IND,Z,5430,0.29,0.43,FD,1258789,1866763
Jharkhand,Giridih (GEN),Sunita Tudu,IND,Z,10944,0.59,0.87,FD,1258789,1866763
Jharkhand,Dhanbad (GEN),Anupama Singh,INC,N,457589,19.98,32.21,L,1420653,2290354
Jharkhand,Dhanbad (GEN),Anindita Das,IND,Z,2674,0.12,0.19,FD,1420653,2290354
Jharkhand,Dhanbad (GEN),Lakshmi Devi,IND,Z,2605,0.11,0.18,FD,1420653,2290354
Jharkhand,Ranchi (GEN),Yashaswini Sahay,INC,N,544220,24.71,37.8,L,1439628,2202528
Jharkhand,Ranchi (GEN),Ranjana Giri,RPI(A),U,3208,0.15,0.22,FD,1439628,2202528
Jharkhand,Ranchi (GEN),Sarweshwari Sahu,ESBD,U,4802,0.22,0.33,FD,1439628,2202528
Jharkhand,Ranchi (GEN),Hemnti Devi,SAP,U,4080,0.19,0.28,FD,1439628,2202528
Jharkhand,Jamshedpur (GEN),Sanaka Mahato,SUCI,U,3175,0.17,0.25,FD,1270303,1871388
Jharkhand,Jamshedpur (GEN),Parwati Kisku,IND,Z,988,0.05,0.08,FD,1270303,1871388
Jharkhand,Singhbhum (ST),Geeta Kora,BJP,N,351762,24.27,35.76,L,983615,1449471
Jharkhand,Singhbhum (ST),Joba Majhi,JMM,S,520164,35.89,52.88,W,983615,1449471
Jharkhand,Singhbhum (ST),Panmani Singh,SUCI,U,1801,0.12,0.18,FD,983615,1449471
Jharkhand,Singhbhum (ST),Sudha Rani Besra,PPID,U,2409,0.17,0.24,FD,983615,1449471
Jharkhand,Singhbhum (ST),Asha Kumari Runda,IND,Z,2754,0.19,0.28,FD,983615,1449471
Jharkhand,Khunti (ST),Savitri Devi,BSP,N,12300,0.93,1.34,FD,914763,1329423
Jharkhand,Khunti (ST),Arpana Hans,JKP,U,8532,0.64,0.93,FD,914763,1329423
Jharkhand,Khunti (ST),Babita Kachhap,BHRTADVSIP,U,4594,0.35,0.5,FD,914763,1329423
Jharkhand,Palamu (SC),Mamta Bhuiyan,RJD,S,481555,21.42,35.24,L,1366395,2248082
Jharkhand,Hazaribagh (GEN),Chhathi Devi,AKBRPRVP,U,3316,0.17,0.26,FD,1257467,1942771
Uttarakhand,Tehri Garhwal (GEN),Mala Rajya Lakshmi Shah,BJP,N,462603,29.08,54.13,W,854583,1590526
Uttarakhand,Garhwal (GEN),Reshma Panwar,SUCI,U,1293,0.09,0.18,FD,726056,1404233
Uttarakhand,Garhwal (GEN),Sureshi Devi,PPID,U,1512,0.11,0.21,FD,726056,1404233
Uttarakhand,Almora (SC),Kiran Arya,UPP,U,5778,0.42,0.89,FD,651478,1368432
Telangana,Adilabad (ST),Athram Suguna,INC,N,477516,28.9,39.02,L,1223835,1652394
Telangana,Adilabad (ST),Gangadevi Mesram,DHRMSMJP,U,3468,0.21,0.28,FD,1223835,1652394
Telangana,Peddapalle (SC),Erugurala Bhagyalaxmi,PPOI,U,2125,0.13,0.2,FD,1089584,1597892
Telangana,Peddapalle (SC),A Sumalatha,AODRP,U,3783,0.24,0.35,FD,1089584,1597892
Telangana,Karimnagar (GEN),Aruna Thallapally,AODRP,U,9064,0.5,0.69,FD,1307414,1798168
Telangana,Karimnagar (GEN),Gavvala Laxmi,IND,Z,1744,0.1,0.13,FD,1307414,1798168
Telangana,Karimnagar (GEN),Manasa Perala,IND,Z,1125,0.06,0.09,FD,1307414,1798168
Telangana,Nizamabad (GEN),Ganta Charitha Rao,IND,Z,5710,0.33,0.46,FD,1229098,1705591
Telangana,Zahirabad (GEN),Chavagani Mani,AODRP,U,6309,0.38,0.51,FD,1233616,1642425
Telangana,Medak (GEN),Nagamani Acha,IND,Z,1540,0.08,0.11,FD,1381622,1828717
Telangana,Malkajgiri (GEN),Anitha Reddy Sheelam,BSP,N,4779,0.13,0.25,FD,1920477,3780453
Telangana,Malkajgiri (GEN),Patnam Suneetha Mahender Reddy,INC,N,599567,15.86,31.22,L,1920477,3780453
Telangana,Malkajgiri (GEN),Banjapally Sudha Rani,IND,Z,1069,0.03,0.06,FD,1920477,3780453
Telangana,Secunderabad (GEN),Ganesh Bhargavi Gunde,JBNP,U,223,0.01,0.02,FD,1042493,2120550
Telangana,Secunderabad (GEN),Gowlikar Sony,SJPI,U,272,0.01,0.03,FD,1042493,2120550
Telangana,Secunderabad (GEN),B . Sunitha Rani,SP(I),U,133,0.01,0.01,FD,1042493,2120550
Telangana,Secunderabad (GEN),Bommakanti Sowmya,PPOI,U,205,0.01,0.02,FD,1042493,2120550
Telangana,Secunderabad (GEN),Boggula Suniithha,IND,Z,418,0.02,0.04,FD,1042493,2120550
Telangana,Secunderabad (GEN),Reddymalla Parvathi,IND,Z,127,0.01,0.01,FD,1042493,2120550
Telangana,Secunderabad (GEN),V. K. Vijaya Lakshmi,IND,Z,216,0.01,0.02,FD,1042493,2120550
Telangana,Secunderabad (GEN),Sangala Flory,IND,Z,223,0.01,0.02,FD,1042493,2120550
Telangana,Hyderabad (GEN),Madhavi Latha Kompella,BJP,N,323894,14.61,30.06,L,1077418,2217305
Telangana,Hyderabad (GEN),Saraf Tulasi Gupta,PEP,U,281,0.01,0.03,FD,1077418,2217305
Telangana,Hyderabad (GEN),Dr.J.Padmaja,VCK,U,900,0.04,0.08,FD,1077418,2217305
Telangana,Hyderabad (GEN),Dr.Lubna Sarwath,VTRP,U,411,0.02,0.04,FD,1077418,2217305
Telangana,Chevella (GEN),Sridevi M,AODRP,U,2688,0.09,0.16,FD,1668931,2939057
Telangana,Chevella (GEN),Sahithi Dasari,IND,Z,1938,0.07,0.12,FD,1668931,2939057
Telangana,Mahbubnagar (GEN),Aruna. D. K,BJP,N,510747,30.33,41.8,W,1221748,1683709
Telangana,Mahbubnagar (GEN),Govindamma,IND,Z,2748,0.16,0.22,FD,1221748,1683709
Telangana,Mahbubnagar (GEN),Vijaya,IND,Z,596,0.04,0.05,FD,1221748,1683709
Telangana,Mahbubnagar (GEN),Sangepaga Sarojanamma,IND,Z,1565,0.09,0.13,FD,1221748,1683709
Telangana,Nagarkurnool (SC),Dasari Bharathi,VCK,U,730,0.04,0.06,FD,1214643,1739310
Telangana,Nagarkurnool (SC),Karne. Shireesha @ Barrelakka,IND,Z,3087,0.18,0.25,FD,1214643,1739310
Telangana,Nagarkurnool (SC),Galimudi Geetha,IND,Z,3147,0.18,0.26,FD,1214643,1739310
Telangana,Nalgonda (GEN),Racha Subhadra Reddy,SP(I),U,846,0.05,0.07,FD,1290238,1726204
Telangana,Bhongir (GEN),Racha Subhadra Reddy,SP(I),U,1465,0.08,0.1,FD,1396750,1809241
Telangana,Bhongir (GEN),Janga. Sujathanaveen Reddy,IND,Z,847,0.05,0.06,FD,1396750,1809241
Telangana,Warangal (SC),Kadiyam Kavya,INC,N,581294,31.84,46.15,W,1259566,1825492
Telangana,Warangal (SC),Kalpana Panja,BSP,N,9327,0.51,0.74,FD,1259566,1825492
Telangana,Warangal (SC),Kothapalli Savithri,MCPI,U,1023,0.06,0.08,FD,1259566,1825492
Telangana,Warangal (SC),Narmada Praveen,PPOI,U,1664,0.09,0.13,FD,1259566,1825492
Telangana,Warangal (SC),Bunga Jyothi Ramana,AHNP,U,4265,0.23,0.34,FD,1259566,1825492
Telangana,Warangal (SC),Chilumulla Sujatha,IND,Z,379,0.02,0.03,FD,1259566,1825492
Telangana,Warangal (SC),Prameela Jannu,IND,Z,3022,0.17,0.24,FD,1259566,1825492
Telangana,Warangal (SC),Roopa Polepaka,IND,Z,1659,0.09,0.13,FD,1259566,1825492
Telangana,Mahabubabad (ST),Kavitha Maloth,BHRS,S,263609,17.19,23.92,L,1102195,1533858
Telangana,Mahabubabad (ST),Koneti Sujatha,BSP,N,8093,0.53,0.73,FD,1102195,1533858
Telangana,Mahabubabad (ST),Burka Krishnaveni,SP(I),U,1448,0.09,0.13,FD,1102195,1533858
Telangana,Mahabubabad (ST),Ravva. Bhadramma,DHRMSMJP,U,2244,0.15,0.2,FD,1102195,1533858
Telangana,Mahabubabad (ST),Durga Palvancha,IND,Z,10119,0.66,0.92,FD,1102195,1533858
Andaman & Nicobar Islands,Andaman & Nicobar Islands (GEN),Usha Kumari,IND,Z,380,0.12,0.19,FD,200705,315745
Andaman & Nicobar Islands,Andaman & Nicobar Islands (GEN),Rinku Mala Mondal,IND,Z,542,0.17,0.27,FD,200705,315745
Chandigarh,Chandigarh (GEN),Ritu Singh,BSP,N,6708,1.02,1.5,FD,446363,660552
Chandigarh,Chandigarh (GEN),Rajinder Kaur,SaSP,U,217,0.03,0.05,FD,446363,660552
Dadra & Nagar Haveli and Daman & Diu,Dadar & Nagar Haveli (ST),Delkar Kalaben Mohanbhai,BJP,N,121074,42.78,60.41,W,200437,283035
NCT OF Delhi,Chandni Chowk (GEN),Ritu Kaushik,SUCI,U,643,0.04,0.07,FD,960539,1646467
NCT OF Delhi,Chandni Chowk (GEN),Seema Rizvi,AZSP,U,1089,0.07,0.11,FD,960539,1646467
NCT OF Delhi,Chandni Chowk (GEN),Heena,PuPP,U,169,0.01,0.02,FD,960539,1646467
NCT OF Delhi,North-East Delhi (GEN),Nivedita Sharma “Prem”,RSTJLKPS,U,543,0.02,0.04,FD,1546858,2464397
NCT OF Delhi,North-East Delhi (GEN),Prakash Devi,SUCI,U,676,0.03,0.04,FD,1546858,2464397
NCT OF Delhi,North-East Delhi (GEN),Babita Yadav,ASPKR,U,646,0.03,0.04,FD,1546858,2464397
NCT OF Delhi,North-East Delhi (GEN),Sunita,NRCP,U,3518,0.14,0.23,FD,1546858,2464397
NCT OF Delhi,East Delhi (GEN),Arunima Gautam,IND,Z,751,0.04,0.06,FD,1258655,2121610
NCT OF Delhi,New Delhi (GEN),Bansuri Swaraj,BJP,N,453185,29.68,53.78,W,842655,1526694
NCT OF Delhi,New Delhi (GEN),Achla Jethmalani,JDKRP,U,1037,0.07,0.12,FD,842655,1526694
NCT OF Delhi,New Delhi (GEN),Punam Pandey,RLPI,U,641,0.04,0.08,FD,842655,1526694
NCT OF Delhi,New Delhi (GEN),Sandhya Thakkar,RTPP,U,486,0.03,0.06,FD,842655,1526694
NCT OF Delhi,North-West Delhi (SC),K M Kajal,PuPP,U,1342,0.05,0.09,FD,1478223,2569274
NCT OF Delhi,North-West Delhi (SC),Preeti,SamAP,U,503,0.02,0.03,FD,1478223,2569274
NCT OF Delhi,North-West Delhi (SC),Aditi,IND,Z,790,0.03,0.05,FD,1478223,2569274
NCT OF Delhi,North-West Delhi (SC),Pushpa Nagra,IND,Z,353,0.01,0.02,FD,1478223,2569274
NCT OF Delhi,West Delhi (GEN),Kamaljeet Sehrawat,BJP,N,842658,32.5,55.59,W,1515795,2592498
NCT OF Delhi,West Delhi (GEN),Vishakha,BSP,N,7964,0.31,0.53,FD,1515795,2592498
NCT OF Delhi,West Delhi (GEN),Madhu,AKBRPRVP,U,1059,0.04,0.07,FD,1515795,2592498
NCT OF Delhi,West Delhi (GEN),Meena Ujjainwal,PPID,U,756,0.03,0.05,FD,1515795,2592498
NCT OF Delhi,West Delhi (GEN),Anju Sharma,IND,Z,1267,0.05,0.08,FD,1515795,2592498
NCT OF Delhi,South Delhi (GEN),Rinki Sanyal,BSKRP,U,763,0.03,0.06,FD,1290037,2293698
NCT OF Delhi,South Delhi (GEN),Poonam Srivastava,IND,Z,958,0.04,0.07,FD,1290037,2293698
Puducherry,PUDUCHERRY (GEN),Dr. R. Menaga,NTK,U,39603,3.87,4.96,FD,798177,1024024
Puducherry,PUDUCHERRY (GEN),S. Kala,IND,Z,626,0.06,0.08,FD,798177,1024024
Puducherry,PUDUCHERRY (GEN),Nirmala Gopi,IND,Z,475,0.05,0.06,FD,798177,1024024
Jammu and Kashmir,BARAMULLA (GEN),Suraiya Nissar,IND,Z,21618,1.24,2.1,FD,1028916,1744525
Jammu and Kashmir,BARAMULLA (GEN),Shafeeqa Begum,IND,Z,6214,0.36,0.6,FD,1028916,1744525
Jammu and Kashmir,SRINAGAR (GEN),Rubina Akhter,NLP,U,2876,0.16,0.43,FD,669244,1748803
Jammu and Kashmir,SRINAGAR (GEN),Waheeda Tabasum Shah,IND,Z,1606,0.09,0.24,FD,669244,1748803
Jammu and Kashmir,Anantnag-Rajouri (GEN),Mehbooba Mufti,JKPDP,S,240042,12.98,23.54,L,1019925,1849517
Jammu and Kashmir,Anantnag-Rajouri (GEN),Gulshan Akhter,IND,Z,2807,0.15,0.28,FD,1019925,1849517
Jammu and Kashmir,Jammu (GEN),Shikha Bandral,NAUP,U,2937,0.16,0.23,FD,1297531,1818657
